Workbook

Sheet Analysis
A1: season | B1: player_id | C1: player | D1: salary | E1: Games | F1: PPG | G1: RPG | H1: APG | I1: SPG | J1: BPG | K1: MPG | L1: Total_Points | M1: Total_Rebounds | N1: Total_Assists | O1: Total_Steals | P1: Total_Blocks | Q1: Total_Minutes | R1: Combined_VORP | S1: VORP_per_$1M | T1: Combined_VORP_Graph | U1: Salary_Graph | V1: Predicted_Salary | W1: Salary_Residual
C2: Zyon Pullin | D2: =SUMIF('Salary Data'!C:C,C2,'Salary Data'!D:D) -> 223637 | E2: =_xlfn.XLOOKUP(C2,'Player Stats'!A:A,'Player Stats'!B:B,0) -> 5 | F2: =_xlfn.XLOOKUP(C2,'Player Stats'!A:A,'Player Stats'!C:C,0) -> 4.6 | G2: =_xlfn.XLOOKUP(C2,'Player Stats'!A:A,'Player Stats'!D:D,0) -> 0.6 | H2: =_xlfn.XLOOKUP(C2,'Player Stats'!A:A,'Player Stats'!E:E,0) -> 1.8 | I2: =_xlfn.XLOOKUP(C2,'Player Stats'!A:A,'Player Stats'!F:F,0) -> 0.2 | J2: =_xlfn.XLOOKUP(C2,'Player Stats'!A:A,'Player Stats'!G:G,0) -> 0 | K2: =_xlfn.XLOOKUP(C2,'Player Stats'!A:A,'Player Stats'!H:H,0) -> 8.5166667 | L2: =E2*F2 -> 23 | M2: =E2*G2 -> 3 | N2: =E2*H2 -> 9 | O2: =E2*I2 -> 1 | P2: =E2*J2 -> 0 | Q2: =E2*K2 -> 42.583333 | R2: =_xlfn.XLOOKUP(C2,'VORP Data'!$B:$B, 'VORP Data'!$E:$E,0) -> 0 | S2: =R2/(D2/1000000) -> 0 | T2: =IF(AND(E2>=40,K2>=20),R2,NA()) -> #N/A | U2: =IF(AND(E2>=40,K2>=20),D2,NA()) -> #N/A | V2: =IF(AND(E2>=40,K2>=20),9997988.56+4996076.47*R2,NA()) -> #N/A | W2: =D2-V2 -> #N/A
C3: Zeke Nnaji | D3: =SUMIF('Salary Data'!C:C,C3,'Salary Data'!D:D) -> 8177778 | E3: =_xlfn.XLOOKUP(C3,'Player Stats'!A:A,'Player Stats'!B:B,0) -> 54 | F3: =_xlfn.XLOOKUP(C3,'Player Stats'!A:A,'Player Stats'!C:C,0) -> 3.7037037 | G3: =_xlfn.XLOOKUP(C3,'Player Stats'!A:A,'Player Stats'!D:D,0) -> 2.5740741 | H3: =_xlfn.XLOOKUP(C3,'Player Stats'!A:A,'Player Stats'!E:E,0) -> 0.55555556 | I3: =_xlfn.XLOOKUP(C3,'Player Stats'!A:A,'Player Stats'!F:F,0) -> 0.33333333 | J3: =_xlfn.XLOOKUP(C3,'Player Stats'!A:A,'Player Stats'!G:G,0) -> 0.44444444 | K3: =_xlfn.XLOOKUP(C3,'Player Stats'!A:A,'Player Stats'!H:H,0) -> 11.945988 | L3: =E3*F3 -> 200 | M3: =E3*G3 -> 139 | N3: =E3*H3 -> 30 | O3: =E3*I3 -> 18 | P3: =E3*J3 -> 24 | Q3: =E3*K3 -> 645.08333 | R3: =_xlfn.XLOOKUP(C3,'VORP Data'!$B:$B, 'VORP Data'!$E:$E,0) -> -0.2 | S3: =R3/(D3/1000000) -> -0.024456521 | T3: =IF(AND(E3>=40,K3>=20),R3,NA()) -> #N/A | U3: =IF(AND(E3>=40,K3>=20),D3,NA()) -> #N/A | V3: =IF(AND(E3>=40,K3>=20),9997988.56+4996076.47*R3,NA()) -> #N/A | W3: =D3-V3 -> #N/A
C4: Zach LaVine | D4: =SUMIF('Salary Data'!C:C,C4,'Salary Data'!D:D) -> 47499660 | E4: =_xlfn.XLOOKUP(C4,'Player Stats'!A:A,'Player Stats'!B:B,0) -> 39 | F4: =_xlfn.XLOOKUP(C4,'Player Stats'!A:A,'Player Stats'!C:C,0) -> 19.179487 | G4: =_xlfn.XLOOKUP(C4,'Player Stats'!A:A,'Player Stats'!D:D,0) -> 2.7692308 | H4: =_xlfn.XLOOKUP(C4,'Player Stats'!A:A,'Player Stats'!E:E,0) -> 2.2820513 | I4: =_xlfn.XLOOKUP(C4,'Player Stats'!A:A,'Player Stats'!F:F,0) -> 0.71794872 | J4: =_xlfn.XLOOKUP(C4,'Player Stats'!A:A,'Player Stats'!G:G,0) -> 0.25641026 | K4: =_xlfn.XLOOKUP(C4,'Player Stats'!A:A,'Player Stats'!H:H,0) -> 31.391453 | L4: =E4*F4 -> 748 | M4: =E4*G4 -> 108 | N4: =E4*H4 -> 89 | O4: =E4*I4 -> 28 | P4: =E4*J4 -> 10 | Q4: =E4*K4 -> 1224.2667 | R4: =_xlfn.XLOOKUP(C4,'VORP Data'!$B:$B, 'VORP Data'!$E:$E,0) -> 0.2 | S4: =R4/(D4/1000000) -> 0.0042105565 | T4: =IF(AND(E4>=40,K4>=20),R4,NA()) -> #N/A | U4: =IF(AND(E4>=40,K4>=20),D4,NA()) -> #N/A | V4: =IF(AND(E4>=40,K4>=20),9997988.56+4996076.47*R4,NA()) -> #N/A | W4: =D4-V4 -> #N/A
C5: Zach Edey | D5: =SUMIF('Salary Data'!C:C,C5,'Salary Data'!D:D) -> 6045000 | E5: =_xlfn.XLOOKUP(C5,'Player Stats'!A:A,'Player Stats'!B:B,0) -> 11 | F5: =_xlfn.XLOOKUP(C5,'Player Stats'!A:A,'Player Stats'!C:C,0) -> 13.636364 | G5: =_xlfn.XLOOKUP(C5,'Player Stats'!A:A,'Player Stats'!D:D,0) -> 11.090909 | H5: =_xlfn.XLOOKUP(C5,'Player Stats'!A:A,'Player Stats'!E:E,0) -> 1.0909091 | I5: =_xlfn.XLOOKUP(C5,'Player Stats'!A:A,'Player Stats'!F:F,0) -> 0.63636364 | J5: =_xlfn.XLOOKUP(C5,'Player Stats'!A:A,'Player Stats'!G:G,0) -> 1.9090909 | K5: =_xlfn.XLOOKUP(C5,'Player Stats'!A:A,'Player Stats'!H:H,0) -> 25.804545 | L5: =E5*F5 -> 150 | M5: =E5*G5 -> 122 | N5: =E5*H5 -> 12 | O5: =E5*I5 -> 7 | P5: =E5*J5 -> 21 | Q5: =E5*K5 -> 283.85 | R5: =_xlfn.XLOOKUP(C5,'VORP Data'!$B:$B, 'VORP Data'!$E:$E,0) -> 0.2 | S5: =R5/(D5/1000000) -> 0.033085194 | T5: =IF(AND(E5>=40,K5>=20),R5,NA()) -> #N/A | U5: =IF(AND(E5>=40,K5>=20),D5,NA()) -> #N/A | V5: =IF(AND(E5>=40,K5>=20),9997988.56+4996076.47*R5,NA()) -> #N/A | W5: =D5-V5 -> #N/A
C6: Zach Collins | D6: =SUMIF('Salary Data'!C:C,C6,'Salary Data'!D:D) -> 18080496 | E6: =_xlfn.XLOOKUP(C6,'Player Stats'!A:A,'Player Stats'!B:B,0) -> 10 | F6: =_xlfn.XLOOKUP(C6,'Player Stats'!A:A,'Player Stats'!C:C,0) -> 9.7 | G6: =_xlfn.XLOOKUP(C6,'Player Stats'!A:A,'Player Stats'!D:D,0) -> 5.6 | H6: =_xlfn.XLOOKUP(C6,'Player Stats'!A:A,'Player Stats'!E:E,0) -> 1.5 | I6: =_xlfn.XLOOKUP(C6,'Player Stats'!A:A,'Player Stats'!F:F,0) -> 0.2 | J6: =_xlfn.XLOOKUP(C6,'Player Stats'!A:A,'Player Stats'!G:G,0) -> 0.4 | K6: =_xlfn.XLOOKUP(C6,'Player Stats'!A:A,'Player Stats'!H:H,0) -> 18.373333 | L6: =E6*F6 -> 97 | M6: =E6*G6 -> 56 | N6: =E6*H6 -> 15 | O6: =E6*I6 -> 2 | P6: =E6*J6 -> 4 | Q6: =E6*K6 -> 183.73333 | R6: =_xlfn.XLOOKUP(C6,'VORP Data'!$B:$B, 'VORP Data'!$E:$E,0) -> 0.1 | S6: =R6/(D6/1000000) -> 0.0055308217 | T6: =IF(AND(E6>=40,K6>=20),R6,NA()) -> #N/A | U6: =IF(AND(E6>=40,K6>=20),D6,NA()) -> #N/A | V6: =IF(AND(E6>=40,K6>=20),9997988.56+4996076.47*R6,NA()) -> #N/A | W6: =D6-V6 -> #N/A
C7: Yves Missi | D7: =SUMIF('Salary Data'!C:C,C7,'Salary Data'!D:D) -> 3353040 | E7: =_xlfn.XLOOKUP(C7,'Player Stats'!A:A,'Player Stats'!B:B,0) -> 66 | F7: =_xlfn.XLOOKUP(C7,'Player Stats'!A:A,'Player Stats'!C:C,0) -> 5.7121212 | G7: =_xlfn.XLOOKUP(C7,'Player Stats'!A:A,'Player Stats'!D:D,0) -> 5.8333333 | H7: =_xlfn.XLOOKUP(C7,'Player Stats'!A:A,'Player Stats'!E:E,0) -> 1.2727273 | I7: =_xlfn.XLOOKUP(C7,'Player Stats'!A:A,'Player Stats'!F:F,0) -> 0.3030303 | J7: =_xlfn.XLOOKUP(C7,'Player Stats'!A:A,'Player Stats'!G:G,0) -> 1.530303 | K7: =_xlfn.XLOOKUP(C7,'Player Stats'!A:A,'Player Stats'!H:H,0) -> 19.65202 | L7: =E7*F7 -> 377 | M7: =E7*G7 -> 385 | N7: =E7*H7 -> 84 | O7: =E7*I7 -> 20 | P7: =E7*J7 -> 101 | Q7: =E7*K7 -> 1297.0333 | R7: =_xlfn.XLOOKUP(C7,'VORP Data'!$B:$B, 'VORP Data'!$E:$E,0) -> 0.1 | S7: =R7/(D7/1000000) -> 0.029823682 | T7: =IF(AND(E7>=40,K7>=20),R7,NA()) -> #N/A | U7: =IF(AND(E7>=40,K7>=20),D7,NA()) -> #N/A | V7: =IF(AND(E7>=40,K7>=20),9997988.56+4996076.47*R7,NA()) -> #N/A | W7: =D7-V7 -> #N/A
C8: Yuki Kawamura | D8: =SUMIF('Salary Data'!C:C,C8,'Salary Data'!D:D) -> 312062 | E8: =_xlfn.XLOOKUP(C8,'Player Stats'!A:A,'Player Stats'!B:B,0) -> 18 | F8: =_xlfn.XLOOKUP(C8,'Player Stats'!A:A,'Player Stats'!C:C,0) -> 3.4444444 | G8: =_xlfn.XLOOKUP(C8,'Player Stats'!A:A,'Player Stats'!D:D,0) -> 1.8333333 | H8: =_xlfn.XLOOKUP(C8,'Player Stats'!A:A,'Player Stats'!E:E,0) -> 2.6111111 | I8: =_xlfn.XLOOKUP(C8,'Player Stats'!A:A,'Player Stats'!F:F,0) -> 0.5 | J8: =_xlfn.XLOOKUP(C8,'Player Stats'!A:A,'Player Stats'!G:G,0) -> 0 | K8: =_xlfn.XLOOKUP(C8,'Player Stats'!A:A,'Player Stats'!H:H,0) -> 11.612963 | L8: =E8*F8 -> 62 | M8: =E8*G8 -> 33 | N8: =E8*H8 -> 47 | O8: =E8*I8 -> 9 | P8: =E8*J8 -> 0 | Q8: =E8*K8 -> 209.03333 | R8: =_xlfn.XLOOKUP(C8,'VORP Data'!$B:$B, 'VORP Data'!$E:$E,0) -> -0.1 | S8: =R8/(D8/1000000) -> -0.32044914 | T8: =IF(AND(E8>=40,K8>=20),R8,NA()) -> #N/A | U8: =IF(AND(E8>=40,K8>=20),D8,NA()) -> #N/A | V8: =IF(AND(E8>=40,K8>=20),9997988.56+4996076.47*R8,NA()) -> #N/A | W8: =D8-V8 -> #N/A
C9: Yanic Konan Niederhauser | D9: =SUMIF('Salary Data'!C:C,C9,'Salary Data'!D:D) -> 2743800 | E9: =_xlfn.XLOOKUP(C9,'Player Stats'!A:A,'Player Stats'!B:B,0) -> 41 | F9: =_xlfn.XLOOKUP(C9,'Player Stats'!A:A,'Player Stats'!C:C,0) -> 4.2926829 | G9: =_xlfn.XLOOKUP(C9,'Player Stats'!A:A,'Player Stats'!D:D,0) -> 2.8536585 | H9: =_xlfn.XLOOKUP(C9,'Player Stats'!A:A,'Player Stats'!E:E,0) -> 0.29268293 | I9: =_xlfn.XLOOKUP(C9,'Player Stats'!A:A,'Player Stats'!F:F,0) -> 0.12195122 | J9: =_xlfn.XLOOKUP(C9,'Player Stats'!A:A,'Player Stats'!G:G,0) -> 0.73170732 | K9: =_xlfn.XLOOKUP(C9,'Player Stats'!A:A,'Player Stats'!H:H,0) -> 10.333333 | L9: =E9*F9 -> 176 | M9: =E9*G9 -> 117 | N9: =E9*H9 -> 12 | O9: =E9*I9 -> 5 | P9: =E9*J9 -> 30 | Q9: =E9*K9 -> 423.66667 | R9: =_xlfn.XLOOKUP(C9,'VORP Data'!$B:$B, 'VORP Data'!$E:$E,0) -> 0 | S9: =R9/(D9/1000000) -> 0 | T9: =IF(AND(E9>=40,K9>=20),R9,NA()) -> #N/A | U9: =IF(AND(E9>=40,K9>=20),D9,NA()) -> #N/A | V9: =IF(AND(E9>=40,K9>=20),9997988.56+4996076.47*R9,NA()) -> #N/A | W9: =D9-V9 -> #N/A
C10: Xavier Tillman Sr. | D10: =SUMIF('Salary Data'!C:C,C10,'Salary Data'!D:D) -> 2546675 | E10: =_xlfn.XLOOKUP(C10,'Player Stats'!A:A,'Player Stats'!B:B,0) -> 31 | F10: =_xlfn.XLOOKUP(C10,'Player Stats'!A:A,'Player Stats'!C:C,0) -> 1.483871 | G10: =_xlfn.XLOOKUP(C10,'Player Stats'!A:A,'Player Stats'!D:D,0) -> 1.4516129 | H10: =_xlfn.XLOOKUP(C10,'Player Stats'!A:A,'Player Stats'!E:E,0) -> 0.41935484 | I10: =_xlfn.XLOOKUP(C10,'Player Stats'!A:A,'Player Stats'!F:F,0) -> 0.29032258 | J10: =_xlfn.XLOOKUP(C10,'Player Stats'!A:A,'Player Stats'!G:G,0) -> 0.16129032 | K10: =_xlfn.XLOOKUP(C10,'Player Stats'!A:A,'Player Stats'!H:H,0) -> 6.1451613 | L10: =E10*F10 -> 46 | M10: =E10*G10 -> 45 | N10: =E10*H10 -> 13 | O10: =E10*I10 -> 9 | P10: =E10*J10 -> 5 | Q10: =E10*K10 -> 190.5 | R10: =_xlfn.XLOOKUP(C10,'VORP Data'!$B:$B, 'VORP Data'!$E:$E,0) -> 0 | S10: =R10/(D10/1000000) -> 0 | T10: =IF(AND(E10>=40,K10>=20),R10,NA()) -> #N/A | U10: =IF(AND(E10>=40,K10>=20),D10,NA()) -> #N/A | V10: =IF(AND(E10>=40,K10>=20),9997988.56+4996076.47*R10,NA()) -> #N/A | W10: =D10-V10 -> #N/A
C11: Will Richard | D11: =SUMIF('Salary Data'!C:C,C11,'Salary Data'!D:D) -> 1272870 | E11: =_xlfn.XLOOKUP(C11,'Player Stats'!A:A,'Player Stats'!B:B,0) -> 70 | F11: =_xlfn.XLOOKUP(C11,'Player Stats'!A:A,'Player Stats'!C:C,0) -> 6.3 | G11: =_xlfn.XLOOKUP(C11,'Player Stats'!A:A,'Player Stats'!D:D,0) -> 2.4571429 | H11: =_xlfn.XLOOKUP(C11,'Player Stats'!A:A,'Player Stats'!E:E,0) -> 1.3285714 | I11: =_xlfn.XLOOKUP(C11,'Player Stats'!A:A,'Player Stats'!F:F,0) -> 1.1428571 | J11: =_xlfn.XLOOKUP(C11,'Player Stats'!A:A,'Player Stats'!G:G,0) -> 0.12857143 | K11: =_xlfn.XLOOKUP(C11,'Player Stats'!A:A,'Player Stats'!H:H,0) -> 19.684524 | L11: =E11*F11 -> 441 | M11: =E11*G11 -> 172 | N11: =E11*H11 -> 93 | O11: =E11*I11 -> 80 | P11: =E11*J11 -> 9 | Q11: =E11*K11 -> 1377.9167 | R11: =_xlfn.XLOOKUP(C11,'VORP Data'!$B:$B, 'VORP Data'!$E:$E,0) -> 0.1 | S11: =R11/(D11/1000000) -> 0.078562618 | T11: =IF(AND(E11>=40,K11>=20),R11,NA()) -> #N/A | U11: =IF(AND(E11>=40,K11>=20),D11,NA()) -> #N/A | V11: =IF(AND(E11>=40,K11>=20),9997988.56+4996076.47*R11,NA()) -> #N/A | W11: =D11-V11 -> #N/A
C12: Wendell Moore Jr. | D12: =SUMIF('Salary Data'!C:C,C12,'Salary Data'!D:D) -> 495439 | E12: =_xlfn.XLOOKUP(C12,'Player Stats'!A:A,'Player Stats'!B:B,0) -> 6 | F12: =_xlfn.XLOOKUP(C12,'Player Stats'!A:A,'Player Stats'!C:C,0) -> 1.6666667 | G12: =_xlfn.XLOOKUP(C12,'Player Stats'!A:A,'Player Stats'!D:D,0) -> 1 | H12: =_xlfn.XLOOKUP(C12,'Player Stats'!A:A,'Player Stats'!E:E,0) -> 0.66666667 | I12: =_xlfn.XLOOKUP(C12,'Player Stats'!A:A,'Player Stats'!F:F,0) -> 0.33333333 | J12: =_xlfn.XLOOKUP(C12,'Player Stats'!A:A,'Player Stats'!G:G,0) -> 0.33333333 | K12: =_xlfn.XLOOKUP(C12,'Player Stats'!A:A,'Player Stats'!H:H,0) -> 9.925 | L12: =E12*F12 -> 10 | M12: =E12*G12 -> 6 | N12: =E12*H12 -> 4 | O12: =E12*I12 -> 2 | P12: =E12*J12 -> 2 | Q12: =E12*K12 -> 59.55 | R12: =_xlfn.XLOOKUP(C12,'VORP Data'!$B:$B, 'VORP Data'!$E:$E,0) -> 0 | S12: =R12/(D12/1000000) -> 0 | T12: =IF(AND(E12>=40,K12>=20),R12,NA()) -> #N/A | U12: =IF(AND(E12>=40,K12>=20),D12,NA()) -> #N/A | V12: =IF(AND(E12>=40,K12>=20),9997988.56+4996076.47*R12,NA()) -> #N/A | W12: =D12-V12 -> #N/A
C13: Walker Kessler | D13: =SUMIF('Salary Data'!C:C,C13,'Salary Data'!D:D) -> 4878938 | E13: =_xlfn.XLOOKUP(C13,'Player Stats'!A:A,'Player Stats'!B:B,0) -> 5 | F13: =_xlfn.XLOOKUP(C13,'Player Stats'!A:A,'Player Stats'!C:C,0) -> 14.4 | G13: =_xlfn.XLOOKUP(C13,'Player Stats'!A:A,'Player Stats'!D:D,0) -> 10.8 | H13: =_xlfn.XLOOKUP(C13,'Player Stats'!A:A,'Player Stats'!E:E,0) -> 3 | I13: =_xlfn.XLOOKUP(C13,'Player Stats'!A:A,'Player Stats'!F:F,0) -> 1.4 | J13: =_xlfn.XLOOKUP(C13,'Player Stats'!A:A,'Player Stats'!G:G,0) -> 1.8 | K13: =_xlfn.XLOOKUP(C13,'Player Stats'!A:A,'Player Stats'!H:H,0) -> 30.796667 | L13: =E13*F13 -> 72 | M13: =E13*G13 -> 54 | N13: =E13*H13 -> 15 | O13: =E13*I13 -> 7 | P13: =E13*J13 -> 9 | Q13: =E13*K13 -> 153.98333 | R13: =_xlfn.XLOOKUP(C13,'VORP Data'!$B:$B, 'VORP Data'!$E:$E,0) -> 0.2 | S13: =R13/(D13/1000000) -> 0.040992527 | T13: =IF(AND(E13>=40,K13>=20),R13,NA()) -> #N/A | U13: =IF(AND(E13>=40,K13>=20),D13,NA()) -> #N/A | V13: =IF(AND(E13>=40,K13>=20),9997988.56+4996076.47*R13,NA()) -> #N/A | W13: =D13-V13 -> #N/A
... C594: Stephen Curry | D594: =SUMIF('Salary Data'!C:C,C594,'Salary Data'!D:D) -> 59606817 | E594: =_xlfn.XLOOKUP(C594,'Player Stats'!A:A,'Player Stats'!B:B,0) -> 45 | F594: =_xlfn.XLOOKUP(C594,'Player Stats'!A:A,'Player Stats'!C:C,0) -> 26.533333 | G594: =_xlfn.XLOOKUP(C594,'Player Stats'!A:A,'Player Stats'!D:D,0) -> 3.5333333 | H594: =_xlfn.XLOOKUP(C594,'Player Stats'!A:A,'Player Stats'!E:E,0) -> 4.6888889 | I594: =_xlfn.XLOOKUP(C594,'Player Stats'!A:A,'Player Stats'!F:F,0) -> 1.1555556 | J594: =_xlfn.XLOOKUP(C594,'Player Stats'!A:A,'Player Stats'!G:G,0) -> 0.37777778 | K594: =_xlfn.XLOOKUP(C594,'Player Stats'!A:A,'Player Stats'!H:H,0) -> 31.124074 | L594: =E594*F594 -> 1194 | M594: =E594*G594 -> 159 | N594: =E594*H594 -> 211 | O594: =E594*I594 -> 52 | P594: =E594*J594 -> 17 | Q594: =E594*K594 -> 1400.5833 | R594: =_xlfn.XLOOKUP(C594,'VORP Data'!$B:$B, 'VORP Data'!$E:$E,0) -> 2.5 | S594: =R594/(D594/1000000) -> 0.041941511 | T594: =IF(AND(E594>=40,K594>=20),R594,NA()) -> 2.5 | U594: =IF(AND(E594>=40,K594>=20),D594,NA()) -> 59606817 | V594: =IF(AND(E594>=40,K594>=20),9997988.56+4996076.47*R594,NA()) -> 22488180 | W594: =D594-V594 -> 37118637

Sheet Charts
L1: player | M1: VORP_per_$1M
L2: Collin Gillespie | M2: 1.1349927
L3: Julian Champagnie | M3: 1.0333333
L4: Javon Small | M4: 0.94275142
L5: Sandro Mamukelashvili | M5: 0.85315115
L6: Jordan Miller | M6: 0.72601211
L7: Cam Spencer | M7: 0.70922293
L8: Ryan Kalkbrenner | M8: 0.60968334
L9: Victor Wembanyama | M9: 0.59805505
L10: Ajay Mitchell | M10: 0.56666667
L11: Jalen Duren | M11: 0.53986152

Sheet Player Stats
A3: Player | B3: Games | C3: PPG | D3: RPG | E3: APG | F3: SPG | G3: BPG | H3: Average of MP_decimal
A4: A.J. Green | B4: 78 | C4: 10.371795 | D4: 2.7307692 | E4: 1.9487179 | F4: 0.5 | G4: 0.1025641 | H4: 29.101923
A5: A.J. Lawson | B5: 31 | C5: 3.6451613 | D5: 1.483871 | E5: 0.35483871 | F5: 0.38709677 | G5: 0.19354839 | H5: 8.9263441
A6: Aaron Gordon | B6: 39 | C6: 15.794872 | D6: 5.7692308 | E6: 2.6410256 | F6: 0.53846154 | G6: 0.28205128 | H6: 28.058974
A7: Aaron Holiday | B7: 63 | C7: 5.2063492 | D7: 0.95238095 | E7: 1 | F7: 0.46031746 | G7: 0.095238095 | H7: 13.452116
A8: Aaron Nesmith | B8: 45 | C8: 13.8 | D8: 4.1555556 | E8: 1.9111111 | F8: 0.57777778 | G8: 0.51111111 | H8: 29.665185
A9: Aaron Wiggins | B9: 78 | C9: 8.0769231 | D9: 2.6153846 | E9: 1.4615385 | F9: 0.78205128 | G9: 0.37179487 | H9: 19.093803
A10: Ace Bailey | B10: 72 | C10: 13.791667 | D10: 4.1944444 | E10: 1.8194444 | F10: 0.83333333 | G10: 0.68055556 | H10: 27.606713
A11: Adama-Alpha Bal | B11: 8 | C11: 10.375 | D11: 3.125 | E11: 2.375 | F11: 1.125 | G11: 0.125 | H11: 30.164583
A12: Adem Bona | B12: 82 | C12: 4.5365854 | D12: 4.0365854 | E12: 0.40243902 | F12: 0.37804878 | G12: 1.1219512 | H12: 16.414024
A13: Adou Thiero | B13: 31 | C13: 1.8064516 | D13: 1.2903226 | E13: 0.35483871 | F13: 0.22580645 | G13: 0.064516129 | H13: 5.8854839
A14: AJ Johnson | B14: 48 | C14: 3.3333333 | D14: 1.1458333 | E14: 0.97916667 | F14: 0.22916667 | G14: 0.0625 | H14: 9.4465278
A15: Ajay Mitchell | B15: 68 | C15: 13.823529 | D15: 3.3970588 | E15: 3.7205882 | F15: 1.2941176 | G15: 0.27941176 | H15: 26.316422
... A586: Grand Total | B586: 28716 | C586: 10.597855 | D586: 4.0220783 | E586: 2.4410085 | F586: 0.77284441 | G586: 0.44779914 | H586: 22.218127

Sheet Salary Data
A1: season | B1: player_id | C1: player | D1: salary | E1: team | F1: Games | G1: PPG | H1: RPG | I1: APG | J1: SPG | K1: BPG | L1: MPG | M1: Total_Points | N1: Total_Rebounds | O1: Total_Assists | P1: Total_Steals | Q1: Total_Blocks | R1: Total_Minutes | S1: Points_per_$1M | T1: Rebounds_per_$1M | U1: Assist_per_$1M | V1: Steals_per_$1M | W1: Blocks_per_$1M | X1: Qualified
A2: 2025-26 | B2: 1132825 | C2: Tyrese Haliburton | D2: 45550512 | E2: Indiana Pacers | F2: =_xlfn.XLOOKUP(C2,'Player Stats'!A:A,'Player Stats'!B:B) -> #N/A | G2: =_xlfn.XLOOKUP(C2,'Player Stats'!A:A,'Player Stats'!C:C) -> #N/A | H2: =_xlfn.XLOOKUP(C2,'Player Stats'!A:A,'Player Stats'!D:D) -> #N/A | I2: =_xlfn.XLOOKUP(C2,'Player Stats'!A:A,'Player Stats'!E:E) -> #N/A | J2: =_xlfn.XLOOKUP(C2,'Player Stats'!A:A,'Player Stats'!F:F) -> #N/A | K2: =_xlfn.XLOOKUP(C2,'Player Stats'!A:A,'Player Stats'!G:G) -> #N/A | L2: =_xlfn.XLOOKUP(C2,'Player Stats'!A:A,'Player Stats'!H:H) -> #N/A | M2: =F2*G2 -> #N/A | N2: =F2*H2 -> #N/A | O2: =F2*I2 -> #N/A | P2: =F2*J2 -> #N/A | Q2: =F2*K2 -> #N/A | R2: =F2*L2 -> #N/A | S2: =(M2/D2)*1000000 -> #N/A | T2: =(N2/D2)*1000000 -> #N/A | U2: =(O2/D2)*1000000 -> #N/A | V2: =(P2/D2)*1000000 -> #N/A | W2: =(Q2/D2)*1000000 -> #N/A | X2: =IF(AND(F2>=20,L2>=15),"Yes","No") -> #N/A
A3: 2025-26 | B3: 942843 | C3: Jay Huff | D3: 2349578 | E3: Indiana Pacers | F3: =_xlfn.XLOOKUP(C3,'Player Stats'!A:A,'Player Stats'!B:B) -> 82 | G3: =_xlfn.XLOOKUP(C3,'Player Stats'!A:A,'Player Stats'!C:C) -> 9.5487805 | H3: =_xlfn.XLOOKUP(C3,'Player Stats'!A:A,'Player Stats'!D:D) -> 3.9512195 | I3: =_xlfn.XLOOKUP(C3,'Player Stats'!A:A,'Player Stats'!E:E) -> 1.4756098 | J3: =_xlfn.XLOOKUP(C3,'Player Stats'!A:A,'Player Stats'!F:F) -> 0.5 | K3: =_xlfn.XLOOKUP(C3,'Player Stats'!A:A,'Player Stats'!G:G) -> 1.8658537 | L3: =_xlfn.XLOOKUP(C3,'Player Stats'!A:A,'Player Stats'!H:H) -> 20.96748 | M3: =F3*G3 -> 783 | N3: =F3*H3 -> 324 | O3: =F3*I3 -> 121 | P3: =F3*J3 -> 41 | Q3: =F3*K3 -> 153 | R3: =F3*L3 -> 1719.3333 | S3: =(M3/D3)*1000000 -> 333.25133 | T3: =(N3/D3)*1000000 -> 137.8971 | U3: =(O3/D3)*1000000 -> 51.49861 | V3: =(P3/D3)*1000000 -> 17.449942 | W3: =(Q3/D3)*1000000 -> 65.118077 | X3: =IF(AND(F3>=20,L3>=15),"Yes","No") -> Yes
A4: 2025-26 | B4: 950065 | C4: Tony Bradley | D4: 123945 | E4: Atlanta Hawks | F4: =_xlfn.XLOOKUP(C4,'Player Stats'!A:A,'Player Stats'!B:B) -> 45 | G4: =_xlfn.XLOOKUP(C4,'Player Stats'!A:A,'Player Stats'!C:C) -> 3.8444444 | H4: =_xlfn.XLOOKUP(C4,'Player Stats'!A:A,'Player Stats'!D:D) -> 2.8222222 | I4: =_xlfn.XLOOKUP(C4,'Player Stats'!A:A,'Player Stats'!E:E) -> 0.55555556 | J4: =_xlfn.XLOOKUP(C4,'Player Stats'!A:A,'Player Stats'!F:F) -> 0.17777778 | K4: =_xlfn.XLOOKUP(C4,'Player Stats'!A:A,'Player Stats'!G:G) -> 0.22222222 | L4: =_xlfn.XLOOKUP(C4,'Player Stats'!A:A,'Player Stats'!H:H) -> 10.916667 | M4: =F4*G4 -> 173 | N4: =F4*H4 -> 127 | O4: =F4*I4 -> 25 | P4: =F4*J4 -> 8 | Q4: =F4*K4 -> 10 | R4: =F4*L4 -> 491.25 | S4: =(M4/D4)*1000000 -> 1395.7804 | T4: =(N4/D4)*1000000 -> 1024.648 | U4: =(O4/D4)*1000000 -> 201.70237 | V4: =(P4/D4)*1000000 -> 64.544758 | W4: =(Q4/D4)*1000000 -> 80.680947 | X4: =IF(AND(F4>=20,L4>=15),"Yes","No") -> No
A5: 2025-26 | B5: 1251665 | C5: Dylan Cardwell | D5: 1218461 | E5: Sacramento Kings | F5: =_xlfn.XLOOKUP(C5,'Player Stats'!A:A,'Player Stats'!B:B) -> 44 | G5: =_xlfn.XLOOKUP(C5,'Player Stats'!A:A,'Player Stats'!C:C) -> 5.4090909 | H5: =_xlfn.XLOOKUP(C5,'Player Stats'!A:A,'Player Stats'!D:D) -> 7.5454545 | I5: =_xlfn.XLOOKUP(C5,'Player Stats'!A:A,'Player Stats'!E:E) -> 1.4090909 | J5: =_xlfn.XLOOKUP(C5,'Player Stats'!A:A,'Player Stats'!F:F) -> 0.68181818 | K5: =_xlfn.XLOOKUP(C5,'Player Stats'!A:A,'Player Stats'!G:G) -> 1.5227273 | L5: =_xlfn.XLOOKUP(C5,'Player Stats'!A:A,'Player Stats'!H:H) -> 20.602273 | M5: =F5*G5 -> 238 | N5: =F5*H5 -> 332 | O5: =F5*I5 -> 62 | P5: =F5*J5 -> 30 | Q5: =F5*K5 -> 67 | R5: =F5*L5 -> 906.5 | S5: =(M5/D5)*1000000 -> 195.32837 | T5: =(N5/D5)*1000000 -> 272.47487 | U5: =(O5/D5)*1000000 -> 50.883861 | V5: =(P5/D5)*1000000 -> 24.621223 | W5: =(Q5/D5)*1000000 -> 54.987398 | X5: =IF(AND(F5>=20,L5>=15),"Yes","No") -> Yes
A6: 2025-26 | B6: 1194704 | C6: RayJ Dennis | D6: 67267 | E6: Los Angeles Clippers | F6: =_xlfn.XLOOKUP(C6,'Player Stats'!A:A,'Player Stats'!B:B) -> 17 | G6: =_xlfn.XLOOKUP(C6,'Player Stats'!A:A,'Player Stats'!C:C) -> 4.3529412 | H6: =_xlfn.XLOOKUP(C6,'Player Stats'!A:A,'Player Stats'!D:D) -> 1.5294118 | I6: =_xlfn.XLOOKUP(C6,'Player Stats'!A:A,'Player Stats'!E:E) -> 1.9411765 | J6: =_xlfn.XLOOKUP(C6,'Player Stats'!A:A,'Player Stats'!F:F) -> 0.23529412 | K6: =_xlfn.XLOOKUP(C6,'Player Stats'!A:A,'Player Stats'!G:G) -> 0.23529412 | L6: =_xlfn.XLOOKUP(C6,'Player Stats'!A:A,'Player Stats'!H:H) -> 12.130392 | M6: =F6*G6 -> 74 | N6: =F6*H6 -> 26 | O6: =F6*I6 -> 33 | P6: =F6*J6 -> 4 | Q6: =F6*K6 -> 4 | R6: =F6*L6 -> 206.21667 | S6: =(M6/D6)*1000000 -> 1100.0937 | T6: =(N6/D6)*1000000 -> 386.51939 | U6: =(O6/D6)*1000000 -> 490.58231 | V6: =(P6/D6)*1000000 -> 59.464522 | W6: =(Q6/D6)*1000000 -> 59.464522 | X6: =IF(AND(F6>=20,L6>=15),"Yes","No") -> No
A7: 2025-26 | B7: 1324442 | C7: Julian Reese | D7: 141554 | E7: Washington Wizards | F7: =_xlfn.XLOOKUP(C7,'Player Stats'!A:A,'Player Stats'!B:B) -> 13 | G7: =_xlfn.XLOOKUP(C7,'Player Stats'!A:A,'Player Stats'!C:C) -> 11.846154 | H7: =_xlfn.XLOOKUP(C7,'Player Stats'!A:A,'Player Stats'!D:D) -> 10.538462 | I7: =_xlfn.XLOOKUP(C7,'Player Stats'!A:A,'Player Stats'!E:E) -> 1.8461538 | J7: =_xlfn.XLOOKUP(C7,'Player Stats'!A:A,'Player Stats'!F:F) -> 1.3846154 | K7: =_xlfn.XLOOKUP(C7,'Player Stats'!A:A,'Player Stats'!G:G) -> 0.61538462 | L7: =_xlfn.XLOOKUP(C7,'Player Stats'!A:A,'Player Stats'!H:H) -> 30.884615 | M7: =F7*G7 -> 154 | N7: =F7*H7 -> 137 | O7: =F7*I7 -> 24 | P7: =F7*J7 -> 18 | Q7: =F7*K7 -> 8 | R7: =F7*L7 -> 401.5 | S7: =(M7/D7)*1000000 -> 1087.924 | T7: =(N7/D7)*1000000 -> 967.82853 | U7: =(O7/D7)*1000000 -> 169.5466 | V7: =(P7/D7)*1000000 -> 127.15995 | W7: =(Q7/D7)*1000000 -> 56.515535 | X7: =IF(AND(F7>=20,L7>=15),"Yes","No") -> No
A8: 2025-26 | B8: 1134766 | C8: Cormac Ryan | D8: 147988 | E8: Milwaukee Bucks | F8: =_xlfn.XLOOKUP(C8,'Player Stats'!A:A,'Player Stats'!B:B) -> 11 | G8: =_xlfn.XLOOKUP(C8,'Player Stats'!A:A,'Player Stats'!C:C) -> 14.272727 | H8: =_xlfn.XLOOKUP(C8,'Player Stats'!A:A,'Player Stats'!D:D) -> 2.5454545 | I8: =_xlfn.XLOOKUP(C8,'Player Stats'!A:A,'Player Stats'!E:E) -> 1.7272727 | J8: =_xlfn.XLOOKUP(C8,'Player Stats'!A:A,'Player Stats'!F:F) -> 1 | K8: =_xlfn.XLOOKUP(C8,'Player Stats'!A:A,'Player Stats'!G:G) -> 0.27272727 | L8: =_xlfn.XLOOKUP(C8,'Player Stats'!A:A,'Player Stats'!H:H) -> 24.607576 | M8: =F8*G8 -> 157 | N8: =F8*H8 -> 28 | O8: =F8*I8 -> 19 | P8: =F8*J8 -> 11 | Q8: =F8*K8 -> 3 | R8: =F8*L8 -> 270.68333 | S8: =(M8/D8)*1000000 -> 1060.8968 | T8: =(N8/D8)*1000000 -> 189.20453 | U8: =(O8/D8)*1000000 -> 128.38879 | V8: =(P8/D8)*1000000 -> 74.330351 | W8: =(Q8/D8)*1000000 -> 20.271914 | X8: =IF(AND(F8>=20,L8>=15),"Yes","No") -> No
A9: 2025-26 | C9: Tyler Burton | D9: 146306 | E9: Memphis Grizzlies | F9: =_xlfn.XLOOKUP(C9,'Player Stats'!A:A,'Player Stats'!B:B) -> 12 | G9: =_xlfn.XLOOKUP(C9,'Player Stats'!A:A,'Player Stats'!C:C) -> 10.75 | H9: =_xlfn.XLOOKUP(C9,'Player Stats'!A:A,'Player Stats'!D:D) -> 4.1666667 | I9: =_xlfn.XLOOKUP(C9,'Player Stats'!A:A,'Player Stats'!E:E) -> 1 | J9: =_xlfn.XLOOKUP(C9,'Player Stats'!A:A,'Player Stats'!F:F) -> 0.91666667 | K9: =_xlfn.XLOOKUP(C9,'Player Stats'!A:A,'Player Stats'!G:G) -> 0.33333333 | L9: =_xlfn.XLOOKUP(C9,'Player Stats'!A:A,'Player Stats'!H:H) -> 25.5625 | M9: =F9*G9 -> 129 | N9: =F9*H9 -> 50 | O9: =F9*I9 -> 12 | P9: =F9*J9 -> 11 | Q9: =F9*K9 -> 4 | R9: =F9*L9 -> 306.75 | S9: =(M9/D9)*1000000 -> 881.71367 | T9: =(N9/D9)*1000000 -> 341.74948 | U9: =(O9/D9)*1000000 -> 82.019876 | V9: =(P9/D9)*1000000 -> 75.184886 | W9: =(Q9/D9)*1000000 -> 27.339959 | X9: =IF(AND(F9>=20,L9>=15),"Yes","No") -> No
A10: 2025-26 | B10: 1134179 | C10: Blake Hinson | D10: 202680 | E10: Utah Jazz | F10: =_xlfn.XLOOKUP(C10,'Player Stats'!A:A,'Player Stats'!B:B) -> 14 | G10: =_xlfn.XLOOKUP(C10,'Player Stats'!A:A,'Player Stats'!C:C) -> 11.928571 | H10: =_xlfn.XLOOKUP(C10,'Player Stats'!A:A,'Player Stats'!D:D) -> 2.3571429 | I10: =_xlfn.XLOOKUP(C10,'Player Stats'!A:A,'Player Stats'!E:E) -> 1.1428571 | J10: =_xlfn.XLOOKUP(C10,'Player Stats'!A:A,'Player Stats'!F:F) -> 0.35714286 | K10: =_xlfn.XLOOKUP(C10,'Player Stats'!A:A,'Player Stats'!G:G) -> 0.14285714 | L10: =_xlfn.XLOOKUP(C10,'Player Stats'!A:A,'Player Stats'!H:H) -> 20.388095 | M10: =F10*G10 -> 167 | N10: =F10*H10 -> 33 | O10: =F10*I10 -> 16 | P10: =F10*J10 -> 5 | Q10: =F10*K10 -> 2 | R10: =F10*L10 -> 285.43333 | S10: =(M10/D10)*1000000 -> 823.95895 | T10: =(N10/D10)*1000000 -> 162.81824 | U10: =(O10/D10)*1000000 -> 78.942175 | V10: =(P10/D10)*1000000 -> 24.66943 | W10: =(Q10/D10)*1000000 -> 9.8677719 | X10: =IF(AND(F10>=20,L10>=15),"Yes","No") -> No
A11: 2025-26 | B11: 1232503 | C11: Toby Okani | D11: 73153 | E11: Memphis Grizzlies | F11: =_xlfn.XLOOKUP(C11,'Player Stats'!A:A,'Player Stats'!B:B) -> 6 | G11: =_xlfn.XLOOKUP(C11,'Player Stats'!A:A,'Player Stats'!C:C) -> 10 | H11: =_xlfn.XLOOKUP(C11,'Player Stats'!A:A,'Player Stats'!D:D) -> 3.5 | I11: =_xlfn.XLOOKUP(C11,'Player Stats'!A:A,'Player Stats'!E:E) -> 1 | J11: =_xlfn.XLOOKUP(C11,'Player Stats'!A:A,'Player Stats'!F:F) -> 0.66666667 | K11: =_xlfn.XLOOKUP(C11,'Player Stats'!A:A,'Player Stats'!G:G) -> 0.5 | L11: =_xlfn.XLOOKUP(C11,'Player Stats'!A:A,'Player Stats'!H:H) -> 36.180556 | M11: =F11*G11 -> 60 | N11: =F11*H11 -> 21 | O11: =F11*I11 -> 6 | P11: =F11*J11 -> 4 | Q11: =F11*K11 -> 3 | R11: =F11*L11 -> 217.08333 | S11: =(M11/D11)*1000000 -> 820.19876 | T11: =(N11/D11)*1000000 -> 287.06957 | U11: =(O11/D11)*1000000 -> 82.019876 | V11: =(P11/D11)*1000000 -> 54.679917 | W11: =(Q11/D11)*1000000 -> 41.009938 | X11: =IF(AND(F11>=20,L11>=15),"Yes","No") -> No
A12: 2025-26 | B12: 1343052 | C12: John Poulakidas | D12: 141554 | E12: Dallas Mavericks | F12: =_xlfn.XLOOKUP(C12,'Player Stats'!A:A,'Player Stats'!B:B) -> 13 | G12: =_xlfn.XLOOKUP(C12,'Player Stats'!A:A,'Player Stats'!C:C) -> 8.8461538 | H12: =_xlfn.XLOOKUP(C12,'Player Stats'!A:A,'Player Stats'!D:D) -> 2.3076923 | I12: =_xlfn.XLOOKUP(C12,'Player Stats'!A:A,'Player Stats'!E:E) -> 0.84615385 | J12: =_xlfn.XLOOKUP(C12,'Player Stats'!A:A,'Player Stats'!F:F) -> 0.53846154 | K12: =_xlfn.XLOOKUP(C12,'Player Stats'!A:A,'Player Stats'!G:G) -> 0.30769231 | L12: =_xlfn.XLOOKUP(C12,'Player Stats'!A:A,'Player Stats'!H:H) -> 19.494872 | M12: =F12*G12 -> 115 | N12: =F12*H12 -> 30 | O12: =F12*I12 -> 11 | P12: =F12*J12 -> 7 | Q12: =F12*K12 -> 4 | R12: =F12*L12 -> 253.43333 | S12: =(M12/D12)*1000000 -> 812.41081 | T12: =(N12/D12)*1000000 -> 211.93326 | U12: =(O12/D12)*1000000 -> 77.70886 | V12: =(P12/D12)*1000000 -> 49.451093 | W12: =(Q12/D12)*1000000 -> 28.257767 | X12: =IF(AND(F12>=20,L12>=15),"Yes","No") -> No
A13: 2025-26 | B13: 1236052 | C13: Ryan Kalkbrenner | D13: 2296274 | E13: Charlotte Hornets | F13: =_xlfn.XLOOKUP(C13,'Player Stats'!A:A,'Player Stats'!B:B) -> 71 | G13: =_xlfn.XLOOKUP(C13,'Player Stats'!A:A,'Player Stats'!C:C) -> 7.4507042 | H13: =_xlfn.XLOOKUP(C13,'Player Stats'!A:A,'Player Stats'!D:D) -> 5.4225352 | I13: =_xlfn.XLOOKUP(C13,'Player Stats'!A:A,'Player Stats'!E:E) -> 0.78873239 | J13: =_xlfn.XLOOKUP(C13,'Player Stats'!A:A,'Player Stats'!F:F) -> 0.47887324 | K13: =_xlfn.XLOOKUP(C13,'Player Stats'!A:A,'Player Stats'!G:G) -> 1.4366197 | L13: =_xlfn.XLOOKUP(C13,'Player Stats'!A:A,'Player Stats'!H:H) -> 21.262676 | M13: =F13*G13 -> 529 | N13: =F13*H13 -> 385 | O13: =F13*I13 -> 56 | P13: =F13*J13 -> 34 | Q13: =F13*K13 -> 102 | R13: =F13*L13 -> 1509.65 | S13: =(M13/D13)*1000000 -> 230.3732 | T13: =(N13/D13)*1000000 -> 167.66292 | U13: =(O13/D13)*1000000 -> 24.387334 | V13: =(P13/D13)*1000000 -> 14.806595 | W13: =(Q13/D13)*1000000 -> 44.419786 | X13: =IF(AND(F13>=20,L13>=15),"Yes","No") -> Yes
A14: 2025-26 | C14: Lucas Williamson | D14: 95099 | E14: Memphis Grizzlies | F14: =_xlfn.XLOOKUP(C14,'Player Stats'!A:A,'Player Stats'!B:B) -> 7 | G14: =_xlfn.XLOOKUP(C14,'Player Stats'!A:A,'Player Stats'!C:C) -> 10.428571 | H14: =_xlfn.XLOOKUP(C14,'Player Stats'!A:A,'Player Stats'!D:D) -> 5.4285714 | I14: =_xlfn.XLOOKUP(C14,'Player Stats'!A:A,'Player Stats'!E:E) -> 2.5714286 | J14: =_xlfn.XLOOKUP(C14,'Player Stats'!A:A,'Player Stats'!F:F) -> 1.5714286 | K14: =_xlfn.XLOOKUP(C14,'Player Stats'!A:A,'Player Stats'!G:G) -> 0.14285714 | L14: =_xlfn.XLOOKUP(C14,'Player Stats'!A:A,'Player Stats'!H:H) -> 31.961905 | M14: =F14*G14 -> 73 | N14: =F14*H14 -> 38 | O14: =F14*I14 -> 18 | P14: =F14*J14 -> 11 | Q14: =F14*K14 -> 1 | R14: =F14*L14 -> 223.73333 | S14: =(M14/D14)*1000000 -> 767.62111 | T14: =(N14/D14)*1000000 -> 399.58359 | U14: =(O14/D14)*1000000 -> 189.27644 | V14: =(P14/D14)*1000000 -> 115.66893 | W14: =(Q14/D14)*1000000 -> 10.515358 | X14: =IF(AND(F14>=20,L14>=15),"Yes","No") -> No
A15: 2025-26 | B15: 1401778 | C15: Dariq Whitehead | D15: 131970 | E15: Memphis Grizzlies | F15: =_xlfn.XLOOKUP(C15,'Player Stats'!A:A,'Player Stats'!B:B) -> 6 | G15: =_xlfn.XLOOKUP(C15,'Player Stats'!A:A,'Player Stats'!C:C) -> 16.333333 | H15: =_xlfn.XLOOKUP(C15,'Player Stats'!A:A,'Player Stats'!D:D) -> 4 | I15: =_xlfn.XLOOKUP(C15,'Player Stats'!A:A,'Player Stats'!E:E) -> 1.5 | J15: =_xlfn.XLOOKUP(C15,'Player Stats'!A:A,'Player Stats'!F:F) -> 0.66666667 | K15: =_xlfn.XLOOKUP(C15,'Player Stats'!A:A,'Player Stats'!G:G) -> 0 | L15: =_xlfn.XLOOKUP(C15,'Player Stats'!A:A,'Player Stats'!H:H) -> 30.469444 | M15: =F15*G15 -> 98 | N15: =F15*H15 -> 24 | O15: =F15*I15 -> 9 | P15: =F15*J15 -> 4 | Q15: =F15*K15 -> 0 | R15: =F15*L15 -> 182.81667 | S15: =(M15/D15)*1000000 -> 742.59301 | T15: =(N15/D15)*1000000 -> 181.85951 | U15: =(O15/D15)*1000000 -> 68.197318 | V15: =(P15/D15)*1000000 -> 30.309919 | W15: =(Q15/D15)*1000000 -> 0 | X15: =IF(AND(F15>=20,L15>=15),"Yes","No") -> No
A16: 2025-26 | B16: 1176586 | C16: Spencer Jones | D16: 1016457 | E16: Denver Nuggets | F16: =_xlfn.XLOOKUP(C16,'Player Stats'!A:A,'Player Stats'!B:B) -> 70 | G16: =_xlfn.XLOOKUP(C16,'Player Stats'!A:A,'Player Stats'!C:C) -> 5.5857143 | H16: =_xlfn.XLOOKUP(C16,'Player Stats'!A:A,'Player Stats'!D:D) -> 3.1571429 | I16: =_xlfn.XLOOKUP(C16,'Player Stats'!A:A,'Player Stats'!E:E) -> 0.75714286 | J16: =_xlfn.XLOOKUP(C16,'Player Stats'!A:A,'Player Stats'!F:F) -> 0.8 | K16: =_xlfn.XLOOKUP(C16,'Player Stats'!A:A,'Player Stats'!G:G) -> 0.51428571 | L16: =_xlfn.XLOOKUP(C16,'Player Stats'!A:A,'Player Stats'!H:H) -> 22.315952 | M16: =F16*G16 -> 391 | N16: =F16*H16 -> 221 | O16: =F16*I16 -> 53 | P16: =F16*J16 -> 56 | Q16: =F16*K16 -> 36 | R16: =F16*L16 -> 1562.1167 | S16: =(M16/D16)*1000000 -> 384.66949 | T16: =(N16/D16)*1000000 -> 217.42189 | U16: =(O16/D16)*1000000 -> 52.141901 | V16: =(P16/D16)*1000000 -> 55.093329 | W16: =(Q16/D16)*1000000 -> 35.41714 | X16: =IF(AND(F16>=20,L16>=15),"Yes","No") -> Yes
A17: 2025-26 | B17: 1134107 | C17: Tyrese Martin | D17: 170508 | E17: Philadelphia 76ers | F17: =_xlfn.XLOOKUP(C17,'Player Stats'!A:A,'Player Stats'!B:B) -> 46 | G17: =_xlfn.XLOOKUP(C17,'Player Stats'!A:A,'Player Stats'!C:C) -> 6.3043478 | H17: =_xlfn.XLOOKUP(C17,'Player Stats'!A:A,'Player Stats'!D:D) -> 2.5217391 | I17: =_xlfn.XLOOKUP(C17,'Player Stats'!A:A,'Player Stats'!E:E) -> 1.6956522 | J17: =_xlfn.XLOOKUP(C17,'Player Stats'!A:A,'Player Stats'!F:F) -> 0.54347826 | K17: =_xlfn.XLOOKUP(C17,'Player Stats'!A:A,'Player Stats'!G:G) -> 0.13043478 | L17: =_xlfn.XLOOKUP(C17,'Player Stats'!A:A,'Player Stats'!H:H) -> 16.882609 | M17: =F17*G17 -> 290 | N17: =F17*H17 -> 116 | O17: =F17*I17 -> 78 | P17: =F17*J17 -> 25 | Q17: =F17*K17 -> 6 | R17: =F17*L17 -> 776.6 | S17: =(M17/D17)*1000000 -> 1700.8 | T17: =(N17/D17)*1000000 -> 680.31998 | U17: =(O17/D17)*1000000 -> 457.45654 | V17: =(P17/D17)*1000000 -> 146.62069 | W17: =(Q17/D17)*1000000 -> 35.188965 | X17: =IF(AND(F17>=20,L17>=15),"Yes","No") -> Yes
A18: 2025-26 | B18: 1328253 | C18: Kennedy Chandler | D18: 235460 | E18: Utah Jazz | F18: =_xlfn.XLOOKUP(C18,'Player Stats'!A:A,'Player Stats'!B:B) -> 11 | G18: =_xlfn.XLOOKUP(C18,'Player Stats'!A:A,'Player Stats'!C:C) -> 15 | H18: =_xlfn.XLOOKUP(C18,'Player Stats'!A:A,'Player Stats'!D:D) -> 3.3636364 | I18: =_xlfn.XLOOKUP(C18,'Player Stats'!A:A,'Player Stats'!E:E) -> 6.7272727 | J18: =_xlfn.XLOOKUP(C18,'Player Stats'!A:A,'Player Stats'!F:F) -> 1 | K18: =_xlfn.XLOOKUP(C18,'Player Stats'!A:A,'Player Stats'!G:G) -> 0.18181818 | L18: =_xlfn.XLOOKUP(C18,'Player Stats'!A:A,'Player Stats'!H:H) -> 32.293939 | M18: =F18*G18 -> 165 | N18: =F18*H18 -> 37 | O18: =F18*I18 -> 74 | P18: =F18*J18 -> 11 | Q18: =F18*K18 -> 2 | R18: =F18*L18 -> 355.23333 | S18: =(M18/D18)*1000000 -> 700.75597 | T18: =(N18/D18)*1000000 -> 157.13922 | U18: =(O18/D18)*1000000 -> 314.27843 | V18: =(P18/D18)*1000000 -> 46.717064 | W18: =(Q18/D18)*1000000 -> 8.4940117 | X18: =IF(AND(F18>=20,L18>=15),"Yes","No") -> No
A19: 2025-26 | B19: 1135981 | C19: Jalen Slawson | D19: 141554 | E19: Indiana Pacers | F19: =_xlfn.XLOOKUP(C19,'Player Stats'!A:A,'Player Stats'!B:B) -> 13 | G19: =_xlfn.XLOOKUP(C19,'Player Stats'!A:A,'Player Stats'!C:C) -> 7.3076923 | H19: =_xlfn.XLOOKUP(C19,'Player Stats'!A:A,'Player Stats'!D:D) -> 4.3846154 | I19: =_xlfn.XLOOKUP(C19,'Player Stats'!A:A,'Player Stats'!E:E) -> 2.7692308 | J19: =_xlfn.XLOOKUP(C19,'Player Stats'!A:A,'Player Stats'!F:F) -> 1.5384615 | K19: =_xlfn.XLOOKUP(C19,'Player Stats'!A:A,'Player Stats'!G:G) -> 1.0769231 | L19: =_xlfn.XLOOKUP(C19,'Player Stats'!A:A,'Player Stats'!H:H) -> 23.887179 | M19: =F19*G19 -> 95 | N19: =F19*H19 -> 57 | O19: =F19*I19 -> 36 | P19: =F19*J19 -> 20 | Q19: =F19*K19 -> 14 | R19: =F19*L19 -> 310.53333 | S19: =(M19/D19)*1000000 -> 671.12197 | T19: =(N19/D19)*1000000 -> 402.67318 | U19: =(O19/D19)*1000000 -> 254.31991 | V19: =(P19/D19)*1000000 -> 141.28884 | W19: =(Q19/D19)*1000000 -> 98.902186 | X19: =IF(AND(F19>=20,L19>=15),"Yes","No") -> No
A20: 2025-26 | B20: 1138380 | C20: Leaky Black | D20: 164074 | E20: Washington Wizards | F20: =_xlfn.XLOOKUP(C20,'Player Stats'!A:A,'Player Stats'!B:B) -> 15 | G20: =_xlfn.XLOOKUP(C20,'Player Stats'!A:A,'Player Stats'!C:C) -> 7.0666667 | H20: =_xlfn.XLOOKUP(C20,'Player Stats'!A:A,'Player Stats'!D:D) -> 5 | I20: =_xlfn.XLOOKUP(C20,'Player Stats'!A:A,'Player Stats'!E:E) -> 1.4666667 | J20: =_xlfn.XLOOKUP(C20,'Player Stats'!A:A,'Player Stats'!F:F) -> 1.2 | K20: =_xlfn.XLOOKUP(C20,'Player Stats'!A:A,'Player Stats'!G:G) -> 0.53333333 | L20: =_xlfn.XLOOKUP(C20,'Player Stats'!A:A,'Player Stats'!H:H) -> 28.872222 | M20: =F20*G20 -> 106 | N20: =F20*H20 -> 75 | O20: =F20*I20 -> 22 | P20: =F20*J20 -> 18 | Q20: =F20*K20 -> 8 | R20: =F20*L20 -> 433.08333 | S20: =(M20/D20)*1000000 -> 646.04995 | T20: =(N20/D20)*1000000 -> 457.11082 | U20: =(O20/D20)*1000000 -> 134.08584 | V20: =(P20/D20)*1000000 -> 109.7066 | W20: =(Q20/D20)*1000000 -> 48.758487 | X20: =IF(AND(F20>=20,L20>=15),"Yes","No") -> No
A21: 2025-26 | B21: 1239611 | C21: Dalen Terry | D21: 298486 | E21: Philadelphia 76ers | F21: =_xlfn.XLOOKUP(C21,'Player Stats'!A:A,'Player Stats'!B:B) -> 55 | G21: =_xlfn.XLOOKUP(C21,'Player Stats'!A:A,'Player Stats'!C:C) -> 3.4363636 | H21: =_xlfn.XLOOKUP(C21,'Player Stats'!A:A,'Player Stats'!D:D) -> 1.6363636 | I21: =_xlfn.XLOOKUP(C21,'Player Stats'!A:A,'Player Stats'!E:E) -> 1.3272727 | J21: =_xlfn.XLOOKUP(C21,'Player Stats'!A:A,'Player Stats'!F:F) -> 0.61818182 | K21: =_xlfn.XLOOKUP(C21,'Player Stats'!A:A,'Player Stats'!G:G) -> 0.27272727 | L21: =_xlfn.XLOOKUP(C21,'Player Stats'!A:A,'Player Stats'!H:H) -> 10.736364 | M21: =F21*G21 -> 189 | N21: =F21*H21 -> 90 | O21: =F21*I21 -> 73 | P21: =F21*J21 -> 34 | Q21: =F21*K21 -> 15 | R21: =F21*L21 -> 590.5 | S21: =(M21/D21)*1000000 -> 633.19553 | T21: =(N21/D21)*1000000 -> 301.52168 | U21: =(O21/D21)*1000000 -> 244.56758 | V21: =(P21/D21)*1000000 -> 113.90819 | W21: =(Q21/D21)*1000000 -> 50.253613 | X21: =IF(AND(F21>=20,L21>=15),"Yes","No") -> No
A22: 2025-26 | B22: 1193674 | C22: Christian Koloko | D22: 115817 | E22: Los Angeles Lakers | F22: =_xlfn.XLOOKUP(C22,'Player Stats'!A:A,'Player Stats'!B:B) -> 27 | G22: =_xlfn.XLOOKUP(C22,'Player Stats'!A:A,'Player Stats'!C:C) -> 2.7037037 | H22: =_xlfn.XLOOKUP(C22,'Player Stats'!A:A,'Player Stats'!D:D) -> 3 | I22: =_xlfn.XLOOKUP(C22,'Player Stats'!A:A,'Player Stats'!E:E) -> 0.66666667 | J22: =_xlfn.XLOOKUP(C22,'Player Stats'!A:A,'Player Stats'!F:F) -> 0.51851852 | K22: =_xlfn.XLOOKUP(C22,'Player Stats'!A:A,'Player Stats'!G:G) -> 0.85185185 | L22: =_xlfn.XLOOKUP(C22,'Player Stats'!A:A,'Player Stats'!H:H) -> 13.210494 | M22: =F22*G22 -> 73 | N22: =F22*H22 -> 81 | O22: =F22*I22 -> 18 | P22: =F22*J22 -> 14 | Q22: =F22*K22 -> 23 | R22: =F22*L22 -> 356.68333 | S22: =(M22/D22)*1000000 -> 630.3047 | T22: =(N22/D22)*1000000 -> 699.37919 | U22: =(O22/D22)*1000000 -> 155.4176 | V22: =(P22/D22)*1000000 -> 120.88035 | W22: =(Q22/D22)*1000000 -> 198.58915 | X22: =IF(AND(F22>=20,L22>=15),"Yes","No") -> No
A23: 2025-26 | B23: 1433295 | C23: Rayan Rupert | D23: 260656 | E23: Memphis Grizzlies | F23: =_xlfn.XLOOKUP(C23,'Player Stats'!A:A,'Player Stats'!B:B) -> 64 | G23: =_xlfn.XLOOKUP(C23,'Player Stats'!A:A,'Player Stats'!C:C) -> 5.1875 | H23: =_xlfn.XLOOKUP(C23,'Player Stats'!A:A,'Player Stats'!D:D) -> 2.9375 | I23: =_xlfn.XLOOKUP(C23,'Player Stats'!A:A,'Player Stats'!E:E) -> 1.0625 | J23: =_xlfn.XLOOKUP(C23,'Player Stats'!A:A,'Player Stats'!F:F) -> 0.859375 | K23: =_xlfn.XLOOKUP(C23,'Player Stats'!A:A,'Player Stats'!G:G) -> 0.140625 | L23: =_xlfn.XLOOKUP(C23,'Player Stats'!A:A,'Player Stats'!H:H) -> 16.759375 | M23: =F23*G23 -> 332 | N23: =F23*H23 -> 188 | O23: =F23*I23 -> 68 | P23: =F23*J23 -> 55 | Q23: =F23*K23 -> 9 | R23: =F23*L23 -> 1072.6 | S23: =(M23/D23)*1000000 -> 1273.7094 | T23: =(N23/D23)*1000000 -> 721.25714 | U23: =(O23/D23)*1000000 -> 260.88024 | V23: =(P23/D23)*1000000 -> 211.00608 | W23: =(Q23/D23)*1000000 -> 34.528267 | X23: =IF(AND(F23>=20,L23>=15),"Yes","No") -> Yes
A24: 2025-26 | B24: 1232477 | C24: Oso Ighodaro | D24: 1955377 | E24: Phoenix Suns | F24: =_xlfn.XLOOKUP(C24,'Player Stats'!A:A,'Player Stats'!B:B) -> 88 | G24: =_xlfn.XLOOKUP(C24,'Player Stats'!A:A,'Player Stats'!C:C) -> 6.5227273 | H24: =_xlfn.XLOOKUP(C24,'Player Stats'!A:A,'Player Stats'!D:D) -> 5.1477273 | I24: =_xlfn.XLOOKUP(C24,'Player Stats'!A:A,'Player Stats'!E:E) -> 2.3636364 | J24: =_xlfn.XLOOKUP(C24,'Player Stats'!A:A,'Player Stats'!F:F) -> 0.875 | K24: =_xlfn.XLOOKUP(C24,'Player Stats'!A:A,'Player Stats'!G:G) -> 0.69318182 | L24: =_xlfn.XLOOKUP(C24,'Player Stats'!A:A,'Player Stats'!H:H) -> 22.575947 | M24: =F24*G24 -> 574 | N24: =F24*H24 -> 453 | O24: =F24*I24 -> 208 | P24: =F24*J24 -> 77 | Q24: =F24*K24 -> 61 | R24: =F24*L24 -> 1986.6833 | S24: =(M24/D24)*1000000 -> 293.54953 | T24: =(N24/D24)*1000000 -> 231.66888 | U24: =(O24/D24)*1000000 -> 106.37335 | V24: =(P24/D24)*1000000 -> 39.378596 | W24: =(Q24/D24)*1000000 -> 31.19603 | X24: =IF(AND(F24>=20,L24>=15),"Yes","No") -> Yes
A25: 2025-26 | B25: 1326453 | C25: Maxime Raynaud | D25: 1272870 | E25: Sacramento Kings | F25: =_xlfn.XLOOKUP(C25,'Player Stats'!A:A,'Player Stats'!B:B) -> 74 | G25: =_xlfn.XLOOKUP(C25,'Player Stats'!A:A,'Player Stats'!C:C) -> 12.459459 | H25: =_xlfn.XLOOKUP(C25,'Player Stats'!A:A,'Player Stats'!D:D) -> 7.5135135 | I25: =_xlfn.XLOOKUP(C25,'Player Stats'!A:A,'Player Stats'!E:E) -> 1.3513514 | J25: =_xlfn.XLOOKUP(C25,'Player Stats'!A:A,'Player Stats'!F:F) -> 0.51351351 | K25: =_xlfn.XLOOKUP(C25,'Player Stats'!A:A,'Player Stats'!G:G) -> 0.52702703 | L25: =_xlfn.XLOOKUP(C25,'Player Stats'!A:A,'Player Stats'!H:H) -> 26.538964 | M25: =F25*G25 -> 922 | N25: =F25*H25 -> 556 | O25: =F25*I25 -> 100 | P25: =F25*J25 -> 38 | Q25: =F25*K25 -> 39 | R25: =F25*L25 -> 1963.8833 | S25: =(M25/D25)*1000000 -> 724.34734 | T25: =(N25/D25)*1000000 -> 436.80816 | U25: =(O25/D25)*1000000 -> 78.562618 | V25: =(P25/D25)*1000000 -> 29.853795 | W25: =(Q25/D25)*1000000 -> 30.639421 | X25: =IF(AND(F25>=20,L25>=15),"Yes","No") -> Yes
A26: 2025-26 | B26: 1429357 | C26: Tyler Smith | D26: 93589 | E26: Houston Rockets | F26: =_xlfn.XLOOKUP(C26,'Player Stats'!A:A,'Player Stats'!B:B) -> 12 | G26: =_xlfn.XLOOKUP(C26,'Player Stats'!A:A,'Player Stats'!C:C) -> 4.6666667 | H26: =_xlfn.XLOOKUP(C26,'Player Stats'!A:A,'Player Stats'!D:D) -> 2.75 | I26: =_xlfn.XLOOKUP(C26,'Player Stats'!A:A,'Player Stats'!E:E) -> 0.41666667 | J26: =_xlfn.XLOOKUP(C26,'Player Stats'!A:A,'Player Stats'!F:F) -> 0.5 | K26: =_xlfn.XLOOKUP(C26,'Player Stats'!A:A,'Player Stats'!G:G) -> 0 | L26: =_xlfn.XLOOKUP(C26,'Player Stats'!A:A,'Player Stats'!H:H) -> 13.798611 | M26: =F26*G26 -> 56 | N26: =F26*H26 -> 33 | O26: =F26*I26 -> 5 | P26: =F26*J26 -> 6 | Q26: =F26*K26 -> 0 | R26: =F26*L26 -> 165.58333 | S26: =(M26/D26)*1000000 -> 598.36092 | T26: =(N26/D26)*1000000 -> 352.60554 | U26: =(O26/D26)*1000000 -> 53.425082 | V26: =(P26/D26)*1000000 -> 64.110098 | W26: =(Q26/D26)*1000000 -> 0 | X26: =IF(AND(F26>=20,L26>=15),"Yes","No") -> No
A27: 2025-26 | C27: Malachi Smith | D27: 212144 | E27: Brooklyn Nets | F27: =_xlfn.XLOOKUP(C27,'Player Stats'!A:A,'Player Stats'!B:B) -> 15 | G27: =_xlfn.XLOOKUP(C27,'Player Stats'!A:A,'Player Stats'!C:C) -> 8.2666667 | H27: =_xlfn.XLOOKUP(C27,'Player Stats'!A:A,'Player Stats'!D:D) -> 3.4 | I27: =_xlfn.XLOOKUP(C27,'Player Stats'!A:A,'Player Stats'!E:E) -> 3.2666667 | J27: =_xlfn.XLOOKUP(C27,'Player Stats'!A:A,'Player Stats'!F:F) -> 0.8 | K27: =_xlfn.XLOOKUP(C27,'Player Stats'!A:A,'Player Stats'!G:G) -> 0.26666667 | L27: =_xlfn.XLOOKUP(C27,'Player Stats'!A:A,'Player Stats'!H:H) -> 23.921111 | M27: =F27*G27 -> 124 | N27: =F27*H27 -> 51 | O27: =F27*I27 -> 49 | P27: =F27*J27 -> 12 | Q27: =F27*K27 -> 4 | R27: =F27*L27 -> 358.81667 | S27: =(M27/D27)*1000000 -> 584.50864 | T27: =(N27/D27)*1000000 -> 240.40275 | U27: =(O27/D27)*1000000 -> 230.97519 | V27: =(P27/D27)*1000000 -> 56.565352 | W27: =(Q27/D27)*1000000 -> 18.855117 | X27: =IF(AND(F27>=20,L27>=15),"Yes","No") -> No
A28: 2025-26 | B28: 1194704 | C28: RayJ Dennis | D28: 131903 | E28: Indiana Pacers | F28: =_xlfn.XLOOKUP(C28,'Player Stats'!A:A,'Player Stats'!B:B) -> 17 | G28: =_xlfn.XLOOKUP(C28,'Player Stats'!A:A,'Player Stats'!C:C) -> 4.3529412 | H28: =_xlfn.XLOOKUP(C28,'Player Stats'!A:A,'Player Stats'!D:D) -> 1.5294118 | I28: =_xlfn.XLOOKUP(C28,'Player Stats'!A:A,'Player Stats'!E:E) -> 1.9411765 | J28: =_xlfn.XLOOKUP(C28,'Player Stats'!A:A,'Player Stats'!F:F) -> 0.23529412 | K28: =_xlfn.XLOOKUP(C28,'Player Stats'!A:A,'Player Stats'!G:G) -> 0.23529412 | L28: =_xlfn.XLOOKUP(C28,'Player Stats'!A:A,'Player Stats'!H:H) -> 12.130392 | M28: =F28*G28 -> 74 | N28: =F28*H28 -> 26 | O28: =F28*I28 -> 33 | P28: =F28*J28 -> 4 | Q28: =F28*K28 -> 4 | R28: =F28*L28 -> 206.21667 | S28: =(M28/D28)*1000000 -> 561.01832 | T28: =(N28/D28)*1000000 -> 197.11455 | U28: =(O28/D28)*1000000 -> 250.18385 | V28: =(P28/D28)*1000000 -> 30.325315 | W28: =(Q28/D28)*1000000 -> 30.325315 | X28: =IF(AND(F28>=20,L28>=15),"Yes","No") -> No
A29: 2025-26 | B29: 1343051 | C29: Bez Mbeng | D29: 219459 | E29: Utah Jazz | F29: =_xlfn.XLOOKUP(C29,'Player Stats'!A:A,'Player Stats'!B:B) -> 15 | G29: =_xlfn.XLOOKUP(C29,'Player Stats'!A:A,'Player Stats'!C:C) -> 8.1333333 | H29: =_xlfn.XLOOKUP(C29,'Player Stats'!A:A,'Player Stats'!D:D) -> 3.8 | I29: =_xlfn.XLOOKUP(C29,'Player Stats'!A:A,'Player Stats'!E:E) -> 4.1333333 | J29: =_xlfn.XLOOKUP(C29,'Player Stats'!A:A,'Player Stats'!F:F) -> 2.2666667 | K29: =_xlfn.XLOOKUP(C29,'Player Stats'!A:A,'Player Stats'!G:G) -> 0.33333333 | L29: =_xlfn.XLOOKUP(C29,'Player Stats'!A:A,'Player Stats'!H:H) -> 32.812222 | M29: =F29*G29 -> 122 | N29: =F29*H29 -> 57 | O29: =F29*I29 -> 62 | P29: =F29*J29 -> 34 | Q29: =F29*K29 -> 5 | R29: =F29*L29 -> 492.18333 | S29: =(M29/D29)*1000000 -> 555.91249 | T29: =(N29/D29)*1000000 -> 259.72961 | U29: =(O29/D29)*1000000 -> 282.51291 | V29: =(P29/D29)*1000000 -> 154.92643 | W29: =(Q29/D29)*1000000 -> 22.783299 | X29: =IF(AND(F29>=20,L29>=15),"Yes","No") -> No
A30: 2025-26 | B30: 1458495 | C30: Yves Missi | D30: 3353040 | E30: New Orleans Pelicans | F30: =_xlfn.XLOOKUP(C30,'Player Stats'!A:A,'Player Stats'!B:B) -> 66 | G30: =_xlfn.XLOOKUP(C30,'Player Stats'!A:A,'Player Stats'!C:C) -> 5.7121212 | H30: =_xlfn.XLOOKUP(C30,'Player Stats'!A:A,'Player Stats'!D:D) -> 5.8333333 | I30: =_xlfn.XLOOKUP(C30,'Player Stats'!A:A,'Player Stats'!E:E) -> 1.2727273 | J30: =_xlfn.XLOOKUP(C30,'Player Stats'!A:A,'Player Stats'!F:F) -> 0.3030303 | K30: =_xlfn.XLOOKUP(C30,'Player Stats'!A:A,'Player Stats'!G:G) -> 1.530303 | L30: =_xlfn.XLOOKUP(C30,'Player Stats'!A:A,'Player Stats'!H:H) -> 19.65202 | M30: =F30*G30 -> 377 | N30: =F30*H30 -> 385 | O30: =F30*I30 -> 84 | P30: =F30*J30 -> 20 | Q30: =F30*K30 -> 101 | R30: =F30*L30 -> 1297.0333 | S30: =(M30/D30)*1000000 -> 112.43528 | T30: =(N30/D30)*1000000 -> 114.82118 | U30: =(O30/D30)*1000000 -> 25.051893 | V30: =(P30/D30)*1000000 -> 5.9647365 | W30: =(Q30/D30)*1000000 -> 30.121919 | X30: =IF(AND(F30>=20,L30>=15),"Yes","No") -> Yes
A31: 2025-26 | B31: 1328248 | C31: Jahmai Mashack | D31: 476136 | E31: Memphis Grizzlies | F31: =_xlfn.XLOOKUP(C31,'Player Stats'!A:A,'Player Stats'!B:B) -> 31 | G31: =_xlfn.XLOOKUP(C31,'Player Stats'!A:A,'Player Stats'!C:C) -> 6.1935484 | H31: =_xlfn.XLOOKUP(C31,'Player Stats'!A:A,'Player Stats'!D:D) -> 2.6129032 | I31: =_xlfn.XLOOKUP(C31,'Player Stats'!A:A,'Player Stats'!E:E) -> 2.2258065 | J31: =_xlfn.XLOOKUP(C31,'Player Stats'!A:A,'Player Stats'!F:F) -> 1.1935484 | K31: =_xlfn.XLOOKUP(C31,'Player Stats'!A:A,'Player Stats'!G:G) -> 0.4516129 | L31: =_xlfn.XLOOKUP(C31,'Player Stats'!A:A,'Player Stats'!H:H) -> 21.713978 | M31: =F31*G31 -> 192 | N31: =F31*H31 -> 81 | O31: =F31*I31 -> 69 | P31: =F31*J31 -> 37 | Q31: =F31*K31 -> 14 | R31: =F31*L31 -> 673.13333 | S31: =(M31/D31)*1000000 -> 403.24613 | T31: =(N31/D31)*1000000 -> 170.11946 | U31: =(O31/D31)*1000000 -> 144.91658 | V31: =(P31/D31)*1000000 -> 77.70889 | W31: =(Q31/D31)*1000000 -> 29.403364 | X31: =IF(AND(F31>=20,L31>=15),"Yes","No") -> Yes
A32: 2025-26 | B32: 697720 | C32: Kyle Anderson | D32: 898095 | E32: Minnesota Timberwolves | F32: =_xlfn.XLOOKUP(C32,'Player Stats'!A:A,'Player Stats'!B:B) -> 51 | G32: =_xlfn.XLOOKUP(C32,'Player Stats'!A:A,'Player Stats'!C:C) -> 5.5098039 | H32: =_xlfn.XLOOKUP(C32,'Player Stats'!A:A,'Player Stats'!D:D) -> 3.0784314 | I32: =_xlfn.XLOOKUP(C32,'Player Stats'!A:A,'Player Stats'!E:E) -> 2.7647059 | J32: =_xlfn.XLOOKUP(C32,'Player Stats'!A:A,'Player Stats'!F:F) -> 0.92156863 | K32: =_xlfn.XLOOKUP(C32,'Player Stats'!A:A,'Player Stats'!G:G) -> 0.50980392 | L32: =_xlfn.XLOOKUP(C32,'Player Stats'!A:A,'Player Stats'!H:H) -> 17.923203 | M32: =F32*G32 -> 281 | N32: =F32*H32 -> 157 | O32: =F32*I32 -> 141 | P32: =F32*J32 -> 47 | Q32: =F32*K32 -> 26 | R32: =F32*L32 -> 914.08333 | S32: =(M32/D32)*1000000 -> 312.88449 | T32: =(N32/D32)*1000000 -> 174.81447 | U32: =(O32/D32)*1000000 -> 156.99898 | V32: =(P32/D32)*1000000 -> 52.332994 | W32: =(Q32/D32)*1000000 -> 28.950167 | X32: =IF(AND(F32>=20,L32>=15),"Yes","No") -> Yes
A33: 2025-26 | B33: 1234814 | C33: Chris Youngblood | D33: 131903 | E33: Portland Trail Blazers | F33: =_xlfn.XLOOKUP(C33,'Player Stats'!A:A,'Player Stats'!B:B) -> 34 | G33: =_xlfn.XLOOKUP(C33,'Player Stats'!A:A,'Player Stats'!C:C) -> 2.0882353 | H33: =_xlfn.XLOOKUP(C33,'Player Stats'!A:A,'Player Stats'!D:D) -> 0.82352941 | I33: =_xlfn.XLOOKUP(C33,'Player Stats'!A:A,'Player Stats'!E:E) -> 0.35294118 | J33: =_xlfn.XLOOKUP(C33,'Player Stats'!A:A,'Player Stats'!F:F) -> 0.11764706 | K33: =_xlfn.XLOOKUP(C33,'Player Stats'!A:A,'Player Stats'!G:G) -> 0.088235294 | L33: =_xlfn.XLOOKUP(C33,'Player Stats'!A:A,'Player Stats'!H:H) -> 5.4441176 | M33: =F33*G33 -> 71 | N33: =F33*H33 -> 28 | O33: =F33*I33 -> 12 | P33: =F33*J33 -> 4 | Q33: =F33*K33 -> 3 | R33: =F33*L33 -> 185.1 | S33: =(M33/D33)*1000000 -> 538.27434 | T33: =(N33/D33)*1000000 -> 212.2772 | U33: =(O33/D33)*1000000 -> 90.975944 | V33: =(P33/D33)*1000000 -> 30.325315 | W33: =(Q33/D33)*1000000 -> 22.743986 | X33: =IF(AND(F33>=20,L33>=15),"Yes","No") -> No
A34: 2025-26 | B34: 1432656 | C34: Sidy Cissoko | D34: 1081951 | E34: Portland Trail Blazers | F34: =_xlfn.XLOOKUP(C34,'Player Stats'!A:A,'Player Stats'!B:B) -> 79 | G34: =_xlfn.XLOOKUP(C34,'Player Stats'!A:A,'Player Stats'!C:C) -> 4.9873418 | H34: =_xlfn.XLOOKUP(C34,'Player Stats'!A:A,'Player Stats'!D:D) -> 2.164557 | I34: =_xlfn.XLOOKUP(C34,'Player Stats'!A:A,'Player Stats'!E:E) -> 1.4050633 | J34: =_xlfn.XLOOKUP(C34,'Player Stats'!A:A,'Player Stats'!F:F) -> 0.70886076 | K34: =_xlfn.XLOOKUP(C34,'Player Stats'!A:A,'Player Stats'!G:G) -> 0.3164557 | L34: =_xlfn.XLOOKUP(C34,'Player Stats'!A:A,'Player Stats'!H:H) -> 18.496414 | M34: =F34*G34 -> 394 | N34: =F34*H34 -> 171 | O34: =F34*I34 -> 111 | P34: =F34*J34 -> 56 | Q34: =F34*K34 -> 25 | R34: =F34*L34 -> 1461.2167 | S34: =(M34/D34)*1000000 -> 364.15697 | T34: =(N34/D34)*1000000 -> 158.04782 | U34: =(O34/D34)*1000000 -> 102.59245 | V34: =(P34/D34)*1000000 -> 51.758351 | W34: =(Q34/D34)*1000000 -> 23.106407 | X34: =IF(AND(F34>=20,L34>=15),"Yes","No") -> Yes
A35: 2025-26 | B35: 1323636 | C35: KJ Simpson | D35: 170508 | E35: Denver Nuggets | F35: =_xlfn.XLOOKUP(C35,'Player Stats'!A:A,'Player Stats'!B:B) -> 20 | G35: =_xlfn.XLOOKUP(C35,'Player Stats'!A:A,'Player Stats'!C:C) -> 4.55 | H35: =_xlfn.XLOOKUP(C35,'Player Stats'!A:A,'Player Stats'!D:D) -> 1.85 | I35: =_xlfn.XLOOKUP(C35,'Player Stats'!A:A,'Player Stats'!E:E) -> 2.15 | J35: =_xlfn.XLOOKUP(C35,'Player Stats'!A:A,'Player Stats'!F:F) -> 0.8 | K35: =_xlfn.XLOOKUP(C35,'Player Stats'!A:A,'Player Stats'!G:G) -> 0 | L35: =_xlfn.XLOOKUP(C35,'Player Stats'!A:A,'Player Stats'!H:H) -> 12.880833 | M35: =F35*G35 -> 91 | N35: =F35*H35 -> 37 | O35: =F35*I35 -> 43 | P35: =F35*J35 -> 16 | Q35: =F35*K35 -> 0 | R35: =F35*L35 -> 257.61667 | S35: =(M35/D35)*1000000 -> 533.6993 | T35: =(N35/D35)*1000000 -> 216.99862 | U35: =(O35/D35)*1000000 -> 252.18758 | V35: =(P35/D35)*1000000 -> 93.837239 | W35: =(Q35/D35)*1000000 -> 0 | X35: =IF(AND(F35>=20,L35>=15),"Yes","No") -> No
A36: 2025-26 | B36: 1501940 | C36: Matas Buzelis | D36: 5455560 | E36: Chicago Bulls | F36: =_xlfn.XLOOKUP(C36,'Player Stats'!A:A,'Player Stats'!B:B) -> 77 | G36: =_xlfn.XLOOKUP(C36,'Player Stats'!A:A,'Player Stats'!C:C) -> 16.25974 | H36: =_xlfn.XLOOKUP(C36,'Player Stats'!A:A,'Player Stats'!D:D) -> 5.8181818 | I36: =_xlfn.XLOOKUP(C36,'Player Stats'!A:A,'Player Stats'!E:E) -> 2.0519481 | J36: =_xlfn.XLOOKUP(C36,'Player Stats'!A:A,'Player Stats'!F:F) -> 0.71428571 | K36: =_xlfn.XLOOKUP(C36,'Player Stats'!A:A,'Player Stats'!G:G) -> 1.5064935 | L36: =_xlfn.XLOOKUP(C36,'Player Stats'!A:A,'Player Stats'!H:H) -> 29.198918 | M36: =F36*G36 -> 1252 | N36: =F36*H36 -> 448 | O36: =F36*I36 -> 158 | P36: =F36*J36 -> 55 | Q36: =F36*K36 -> 116 | R36: =F36*L36 -> 2248.3167 | S36: =(M36/D36)*1000000 -> 229.49065 | T36: =(N36/D36)*1000000 -> 82.118059 | U36: =(O36/D36)*1000000 -> 28.96128 | V36: =(P36/D36)*1000000 -> 10.081458 | W36: =(Q36/D36)*1000000 -> 21.262712 | X36: =IF(AND(F36>=20,L36>=15),"Yes","No") -> Yes
A37: 2025-26 | B37: 1061538 | C37: Ethan Thompson | D37: 431096 | E37: Indiana Pacers | F37: =_xlfn.XLOOKUP(C37,'Player Stats'!A:A,'Player Stats'!B:B) -> 32 | G37: =_xlfn.XLOOKUP(C37,'Player Stats'!A:A,'Player Stats'!C:C) -> 6.96875 | H37: =_xlfn.XLOOKUP(C37,'Player Stats'!A:A,'Player Stats'!D:D) -> 2.15625 | I37: =_xlfn.XLOOKUP(C37,'Player Stats'!A:A,'Player Stats'!E:E) -> 1.78125 | J37: =_xlfn.XLOOKUP(C37,'Player Stats'!A:A,'Player Stats'!F:F) -> 0.625 | K37: =_xlfn.XLOOKUP(C37,'Player Stats'!A:A,'Player Stats'!G:G) -> 0.28125 | L37: =_xlfn.XLOOKUP(C37,'Player Stats'!A:A,'Player Stats'!H:H) -> 20.413542 | M37: =F37*G37 -> 223 | N37: =F37*H37 -> 69 | O37: =F37*I37 -> 57 | P37: =F37*J37 -> 20 | Q37: =F37*K37 -> 9 | R37: =F37*L37 -> 653.23333 | S37: =(M37/D37)*1000000 -> 517.28617 | T37: =(N37/D37)*1000000 -> 160.05716 | U37: =(O37/D37)*1000000 -> 132.22113 | V37: =(P37/D37)*1000000 -> 46.393379 | W37: =(Q37/D37)*1000000 -> 20.87702 | X37: =IF(AND(F37>=20,L37>=15),"Yes","No") -> Yes
A38: 2025-26 | B38: 1373356 | C38: Victor Wembanyama | D38: 13376695 | E38: San Antonio Spurs | F38: =_xlfn.XLOOKUP(C38,'Player Stats'!A:A,'Player Stats'!B:B) -> 87 | G38: =_xlfn.XLOOKUP(C38,'Player Stats'!A:A,'Player Stats'!C:C) -> 24.62069 | H38: =_xlfn.XLOOKUP(C38,'Player Stats'!A:A,'Player Stats'!D:D) -> 11.275862 | I38: =_xlfn.XLOOKUP(C38,'Player Stats'!A:A,'Player Stats'!E:E) -> 2.9770115 | J38: =_xlfn.XLOOKUP(C38,'Player Stats'!A:A,'Player Stats'!F:F) -> 1.0114943 | K38: =_xlfn.XLOOKUP(C38,'Player Stats'!A:A,'Player Stats'!G:G) -> 3.183908 | L38: =_xlfn.XLOOKUP(C38,'Player Stats'!A:A,'Player Stats'!H:H) -> 30.355939 | M38: =F38*G38 -> 2142 | N38: =F38*H38 -> 981 | O38: =F38*I38 -> 259 | P38: =F38*J38 -> 88 | Q38: =F38*K38 -> 277 | R38: =F38*L38 -> 2640.9667 | S38: =(M38/D38)*1000000 -> 160.12924 | T38: =(N38/D38)*1000000 -> 73.336501 | U38: =(O38/D38)*1000000 -> 19.362032 | V38: =(P38/D38)*1000000 -> 6.5786056 | W38: =(Q38/D38)*1000000 -> 20.707656 | X38: =IF(AND(F38>=20,L38>=15),"Yes","No") -> Yes
A39: 2025-26 | B39: 1231210 | C39: Keon Ellis | D39: 2301587 | E39: Cleveland Cavaliers | F39: =_xlfn.XLOOKUP(C39,'Player Stats'!A:A,'Player Stats'!B:B) -> 84 | G39: =_xlfn.XLOOKUP(C39,'Player Stats'!A:A,'Player Stats'!C:C) -> 5.9404762 | H39: =_xlfn.XLOOKUP(C39,'Player Stats'!A:A,'Player Stats'!D:D) -> 1.7738095 | I39: =_xlfn.XLOOKUP(C39,'Player Stats'!A:A,'Player Stats'!E:E) -> 0.89285714 | J39: =_xlfn.XLOOKUP(C39,'Player Stats'!A:A,'Player Stats'!F:F) -> 1.0714286 | K39: =_xlfn.XLOOKUP(C39,'Player Stats'!A:A,'Player Stats'!G:G) -> 0.55952381 | L39: =_xlfn.XLOOKUP(C39,'Player Stats'!A:A,'Player Stats'!H:H) -> 18.66627 | M39: =F39*G39 -> 499 | N39: =F39*H39 -> 149 | O39: =F39*I39 -> 75 | P39: =F39*J39 -> 90 | Q39: =F39*K39 -> 47 | R39: =F39*L39 -> 1567.9667 | S39: =(M39/D39)*1000000 -> 216.80692 | T39: =(N39/D39)*1000000 -> 64.73794 | U39: =(O39/D39)*1000000 -> 32.586211 | V39: =(P39/D39)*1000000 -> 39.103453 | W39: =(Q39/D39)*1000000 -> 20.420692 | X39: =IF(AND(F39>=20,L39>=15),"Yes","No") -> Yes
... A44: 2025-26 | B44: 1405867 | C44: Donovan Clingan | D44: 7178400 | E44: Portland Trail Blazers | F44: =_xlfn.XLOOKUP(C44,'Player Stats'!A:A,'Player Stats'!B:B) -> 83 | G44: =_xlfn.XLOOKUP(C44,'Player Stats'!A:A,'Player Stats'!C:C) -> 11.698795 | H44: =_xlfn.XLOOKUP(C44,'Player Stats'!A:A,'Player Stats'!D:D) -> 11.349398 | I44: =_xlfn.XLOOKUP(C44,'Player Stats'!A:A,'Player Stats'!E:E) -> 2.1325301 | J44: =_xlfn.XLOOKUP(C44,'Player Stats'!A:A,'Player Stats'!F:F) -> 0.55421687 | K44: =_xlfn.XLOOKUP(C44,'Player Stats'!A:A,'Player Stats'!G:G) -> 1.6385542 | L44: =_xlfn.XLOOKUP(C44,'Player Stats'!A:A,'Player Stats'!H:H) -> 26.857831 | M44: =F44*G44 -> 971 | N44: =F44*H44 -> 942 | O44: =F44*I44 -> 177 | P44: =F44*J44 -> 46 | Q44: =F44*K44 -> 136 | R44: =F44*L44 -> 2229.2 | S44: =(M44/D44)*1000000 -> 135.26691 | T44: =(N44/D44)*1000000 -> 131.22701 | U44: =(O44/D44)*1000000 -> 24.657305 | V44: =(P44/D44)*1000000 -> 6.4081132 | W44: =(Q44/D44)*1000000 -> 18.945726 | X44: =IF(AND(F44>=20,L44>=15),"Yes","No") -> Yes
A45: 2025-26 | C45: Hayden Gray | D45: 14631 | E45: Utah Jazz | F45: =_xlfn.XLOOKUP(C45,'Player Stats'!A:A,'Player Stats'!B:B) -> 1 | G45: =_xlfn.XLOOKUP(C45,'Player Stats'!A:A,'Player Stats'!C:C) -> 6 | H45: =_xlfn.XLOOKUP(C45,'Player Stats'!A:A,'Player Stats'!D:D) -> 0 | I45: =_xlfn.XLOOKUP(C45,'Player Stats'!A:A,'Player Stats'!E:E) -> 1 | J45: =_xlfn.XLOOKUP(C45,'Player Stats'!A:A,'Player Stats'!F:F) -> 1 | K45: =_xlfn.XLOOKUP(C45,'Player Stats'!A:A,'Player Stats'!G:G) -> 1 | L45: =_xlfn.XLOOKUP(C45,'Player Stats'!A:A,'Player Stats'!H:H) -> 24.75 | M45: =F45*G45 -> 6 | N45: =F45*H45 -> 0 | O45: =F45*I45 -> 1 | P45: =F45*J45 -> 1 | Q45: =F45*K45 -> 1 | R45: =F45*L45 -> 24.75 | S45: =(M45/D45)*1000000 -> 410.08817 | T45: =(N45/D45)*1000000 -> 0 | U45: =(O45/D45)*1000000 -> 68.348028 | V45: =(P45/D45)*1000000 -> 68.348028 | W45: =(Q45/D45)*1000000 -> 68.348028 | X45: =IF(AND(F45>=20,L45>=15),"Yes","No") -> No
A46: 2025-26 | B46: 1175260 | C46: Justin Champagnie | D46: 2349578 | E46: Washington Wizards | F46: =_xlfn.XLOOKUP(C46,'Player Stats'!A:A,'Player Stats'!B:B) -> 69 | G46: =_xlfn.XLOOKUP(C46,'Player Stats'!A:A,'Player Stats'!C:C) -> 8.6521739 | H46: =_xlfn.XLOOKUP(C46,'Player Stats'!A:A,'Player Stats'!D:D) -> 5.5652174 | I46: =_xlfn.XLOOKUP(C46,'Player Stats'!A:A,'Player Stats'!E:E) -> 1.2173913 | J46: =_xlfn.XLOOKUP(C46,'Player Stats'!A:A,'Player Stats'!F:F) -> 0.85507246 | K46: =_xlfn.XLOOKUP(C46,'Player Stats'!A:A,'Player Stats'!G:G) -> 0.62318841 | L46: =_xlfn.XLOOKUP(C46,'Player Stats'!A:A,'Player Stats'!H:H) -> 19.96256 | M46: =F46*G46 -> 597 | N46: =F46*H46 -> 384 | O46: =F46*I46 -> 84 | P46: =F46*J46 -> 59 | Q46: =F46*K46 -> 43 | R46: =F46*L46 -> 1377.4167 | S46: =(M46/D46)*1000000 -> 254.08818 | T46: =(N46/D46)*1000000 -> 163.4336 | U46: =(O46/D46)*1000000 -> 35.751101 | V46: =(P46/D46)*1000000 -> 25.110892 | W46: =(Q46/D46)*1000000 -> 18.301159 | X46: =IF(AND(F46>=20,L46>=15),"Yes","No") -> Yes
A47: 2025-26 | B47: 1475170 | C47: Chaney Johnson | D47: 347451 | E47: Brooklyn Nets | F47: =_xlfn.XLOOKUP(C47,'Player Stats'!A:A,'Player Stats'!B:B) -> 17 | G47: =_xlfn.XLOOKUP(C47,'Player Stats'!A:A,'Player Stats'!C:C) -> 8.1764706 | H47: =_xlfn.XLOOKUP(C47,'Player Stats'!A:A,'Player Stats'!D:D) -> 4.6470588 | I47: =_xlfn.XLOOKUP(C47,'Player Stats'!A:A,'Player Stats'!E:E) -> 2.1176471 | J47: =_xlfn.XLOOKUP(C47,'Player Stats'!A:A,'Player Stats'!F:F) -> 0.88235294 | K47: =_xlfn.XLOOKUP(C47,'Player Stats'!A:A,'Player Stats'!G:G) -> 0.52941176 | L47: =_xlfn.XLOOKUP(C47,'Player Stats'!A:A,'Player Stats'!H:H) -> 20.446078 | M47: =F47*G47 -> 139 | N47: =F47*H47 -> 79 | O47: =F47*I47 -> 36 | P47: =F47*J47 -> 15 | Q47: =F47*K47 -> 9 | R47: =F47*L47 -> 347.58333 | S47: =(M47/D47)*1000000 -> 400.05641 | T47: =(N47/D47)*1000000 -> 227.37019 | U47: =(O47/D47)*1000000 -> 103.61173 | V47: =(P47/D47)*1000000 -> 43.171555 | W47: =(Q47/D47)*1000000 -> 25.902933 | X47: =IF(AND(F47>=20,L47>=15),"Yes","No") -> No
A48: 2025-26 | B48: 1429357 | C48: Tyler Smith | D48: 141554 | E48: Dallas Mavericks | F48: =_xlfn.XLOOKUP(C48,'Player Stats'!A:A,'Player Stats'!B:B) -> 12 | G48: =_xlfn.XLOOKUP(C48,'Player Stats'!A:A,'Player Stats'!C:C) -> 4.6666667 | H48: =_xlfn.XLOOKUP(C48,'Player Stats'!A:A,'Player Stats'!D:D) -> 2.75 | I48: =_xlfn.XLOOKUP(C48,'Player Stats'!A:A,'Player Stats'!E:E) -> 0.41666667 | J48: =_xlfn.XLOOKUP(C48,'Player Stats'!A:A,'Player Stats'!F:F) -> 0.5 | K48: =_xlfn.XLOOKUP(C48,'Player Stats'!A:A,'Player Stats'!G:G) -> 0 | L48: =_xlfn.XLOOKUP(C48,'Player Stats'!A:A,'Player Stats'!H:H) -> 13.798611 | M48: =F48*G48 -> 56 | N48: =F48*H48 -> 33 | O48: =F48*I48 -> 5 | P48: =F48*J48 -> 6 | Q48: =F48*K48 -> 0 | R48: =F48*L48 -> 165.58333 | S48: =(M48/D48)*1000000 -> 395.60874 | T48: =(N48/D48)*1000000 -> 233.12658 | U48: =(O48/D48)*1000000 -> 35.322209 | V48: =(P48/D48)*1000000 -> 42.386651 | W48: =(Q48/D48)*1000000 -> 0 | X48: =IF(AND(F48>=20,L48>=15),"Yes","No") -> No
A49: 2025-26 | B49: 1193672 | C49: Quinten Post | D49: 1955377 | E49: Golden State Warriors | F49: =_xlfn.XLOOKUP(C49,'Player Stats'!A:A,'Player Stats'!B:B) -> 67 | G49: =_xlfn.XLOOKUP(C49,'Player Stats'!A:A,'Player Stats'!C:C) -> 7.6567164 | H49: =_xlfn.XLOOKUP(C49,'Player Stats'!A:A,'Player Stats'!D:D) -> 4.0149254 | I49: =_xlfn.XLOOKUP(C49,'Player Stats'!A:A,'Player Stats'!E:E) -> 1.4029851 | J49: =_xlfn.XLOOKUP(C49,'Player Stats'!A:A,'Player Stats'!F:F) -> 0.3880597 | K49: =_xlfn.XLOOKUP(C49,'Player Stats'!A:A,'Player Stats'!G:G) -> 0.52238806 | L49: =_xlfn.XLOOKUP(C49,'Player Stats'!A:A,'Player Stats'!H:H) -> 17.302239 | M49: =F49*G49 -> 513 | N49: =F49*H49 -> 269 | O49: =F49*I49 -> 94 | P49: =F49*J49 -> 26 | Q49: =F49*K49 -> 35 | R49: =F49*L49 -> 1159.25 | S49: =(M49/D49)*1000000 -> 262.3535 | T49: =(N49/D49)*1000000 -> 137.56938 | U49: =(O49/D49)*1000000 -> 48.072571 | V49: =(P49/D49)*1000000 -> 13.296669 | W49: =(Q49/D49)*1000000 -> 17.899362 | X49: =IF(AND(F49>=20,L49>=15),"Yes","No") -> Yes
A50: 2025-26 | B50: 1060351 | C50: Sandro Mamukelashvili | D50: 2461463 | E50: Toronto Raptors | F50: =_xlfn.XLOOKUP(C50,'Player Stats'!A:A,'Player Stats'!B:B) -> 87 | G50: =_xlfn.XLOOKUP(C50,'Player Stats'!A:A,'Player Stats'!C:C) -> 10.666667 | H50: =_xlfn.XLOOKUP(C50,'Player Stats'!A:A,'Player Stats'!D:D) -> 4.9425287 | I50: =_xlfn.XLOOKUP(C50,'Player Stats'!A:A,'Player Stats'!E:E) -> 1.816092 | J50: =_xlfn.XLOOKUP(C50,'Player Stats'!A:A,'Player Stats'!F:F) -> 0.79310345 | K50: =_xlfn.XLOOKUP(C50,'Player Stats'!A:A,'Player Stats'!G:G) -> 0.50574713 | L50: =_xlfn.XLOOKUP(C50,'Player Stats'!A:A,'Player Stats'!H:H) -> 21.313218 | M50: =F50*G50 -> 928 | N50: =F50*H50 -> 430 | O50: =F50*I50 -> 158 | P50: =F50*J50 -> 69 | Q50: =F50*K50 -> 44 | R50: =F50*L50 -> 1854.25 | S50: =(M50/D50)*1000000 -> 377.01156 | T50: =(N50/D50)*1000000 -> 174.69286 | U50: =(O50/D50)*1000000 -> 64.189468 | V50: =(P50/D50)*1000000 -> 28.032109 | W50: =(Q50/D50)*1000000 -> 17.875548 | X50: =IF(AND(F50>=20,L50>=15),"Yes","No") -> Yes
A51: 2025-26 | B51: 1140887 | C51: Jaxson Hayes | D51: 3449323 | E51: Los Angeles Lakers | F51: =_xlfn.XLOOKUP(C51,'Player Stats'!A:A,'Player Stats'!B:B) -> 76 | G51: =_xlfn.XLOOKUP(C51,'Player Stats'!A:A,'Player Stats'!C:C) -> 7.2894737 | H51: =_xlfn.XLOOKUP(C51,'Player Stats'!A:A,'Player Stats'!D:D) -> 3.9868421 | I51: =_xlfn.XLOOKUP(C51,'Player Stats'!A:A,'Player Stats'!E:E) -> 0.86842105 | J51: =_xlfn.XLOOKUP(C51,'Player Stats'!A:A,'Player Stats'!F:F) -> 0.42105263 | K51: =_xlfn.XLOOKUP(C51,'Player Stats'!A:A,'Player Stats'!G:G) -> 0.78947368 | L51: =_xlfn.XLOOKUP(C51,'Player Stats'!A:A,'Player Stats'!H:H) -> 18.017763 | M51: =F51*G51 -> 554 | N51: =F51*H51 -> 303 | O51: =F51*I51 -> 66 | P51: =F51*J51 -> 32 | Q51: =F51*K51 -> 60 | R51: =F51*L51 -> 1369.35 | S51: =(M51/D51)*1000000 -> 160.61123 | T51: =(N51/D51)*1000000 -> 87.843325 | U51: =(O51/D51)*1000000 -> 19.13419 | V51: =(P51/D51)*1000000 -> 9.2771828 | W51: =(Q51/D51)*1000000 -> 17.394718 | X51: =IF(AND(F51>=20,L51>=15),"Yes","No") -> Yes
A52: 2025-26 | B52: 1177008 | C52: Branden Carlson | D52: 636435 | E52: Oklahoma City Thunder | F52: =_xlfn.XLOOKUP(C52,'Player Stats'!A:A,'Player Stats'!B:B) -> 42 | G52: =_xlfn.XLOOKUP(C52,'Player Stats'!A:A,'Player Stats'!C:C) -> 5.7619048 | H52: =_xlfn.XLOOKUP(C52,'Player Stats'!A:A,'Player Stats'!D:D) -> 2.952381 | I52: =_xlfn.XLOOKUP(C52,'Player Stats'!A:A,'Player Stats'!E:E) -> 0.69047619 | J52: =_xlfn.XLOOKUP(C52,'Player Stats'!A:A,'Player Stats'!F:F) -> 0.19047619 | K52: =_xlfn.XLOOKUP(C52,'Player Stats'!A:A,'Player Stats'!G:G) -> 0.64285714 | L52: =_xlfn.XLOOKUP(C52,'Player Stats'!A:A,'Player Stats'!H:H) -> 11.624603 | M52: =F52*G52 -> 242 | N52: =F52*H52 -> 124 | O52: =F52*I52 -> 29 | P52: =F52*J52 -> 8 | Q52: =F52*K52 -> 27 | R52: =F52*L52 -> 488.23333 | S52: =(M52/D52)*1000000 -> 380.24307 | T52: =(N52/D52)*1000000 -> 194.83529 | U52: =(O52/D52)*1000000 -> 45.566319 | V52: =(P52/D52)*1000000 -> 12.570019 | W52: =(Q52/D52)*1000000 -> 42.423814 | X52: =IF(AND(F52>=20,L52>=15),"Yes","No") -> No
A53: 2025-26 | B53: 1175364 | C53: Toumani Camara | D53: 2221677 | E53: Portland Trail Blazers | F53: =_xlfn.XLOOKUP(C53,'Player Stats'!A:A,'Player Stats'!B:B) -> 88 | G53: =_xlfn.XLOOKUP(C53,'Player Stats'!A:A,'Player Stats'!C:C) -> 12.988636 | H53: =_xlfn.XLOOKUP(C53,'Player Stats'!A:A,'Player Stats'!D:D) -> 5.1363636 | I53: =_xlfn.XLOOKUP(C53,'Player Stats'!A:A,'Player Stats'!E:E) -> 2.3522727 | J53: =_xlfn.XLOOKUP(C53,'Player Stats'!A:A,'Player Stats'!F:F) -> 1.1931818 | K53: =_xlfn.XLOOKUP(C53,'Player Stats'!A:A,'Player Stats'!G:G) -> 0.43181818 | L53: =_xlfn.XLOOKUP(C53,'Player Stats'!A:A,'Player Stats'!H:H) -> 33.325189 | M53: =F53*G53 -> 1143 | N53: =F53*H53 -> 452 | O53: =F53*I53 -> 207 | P53: =F53*J53 -> 105 | Q53: =F53*K53 -> 38 | R53: =F53*L53 -> 2932.6167 | S53: =(M53/D53)*1000000 -> 514.47623 | T53: =(N53/D53)*1000000 -> 203.44992 | U53: =(O53/D53)*1000000 -> 93.17286 | V53: =(P53/D53)*1000000 -> 47.261596 | W53: =(Q53/D53)*1000000 -> 17.104197 | X53: =IF(AND(F53>=20,L53>=15),"Yes","No") -> Yes
A54: 2025-26 | B54: 1134626 | C54: Mac McClung | D54: 177731 | E54: Indiana Pacers | F54: =_xlfn.XLOOKUP(C54,'Player Stats'!A:A,'Player Stats'!B:B) -> 11 | G54: =_xlfn.XLOOKUP(C54,'Player Stats'!A:A,'Player Stats'!C:C) -> 6.0909091 | H54: =_xlfn.XLOOKUP(C54,'Player Stats'!A:A,'Player Stats'!D:D) -> 0.90909091 | I54: =_xlfn.XLOOKUP(C54,'Player Stats'!A:A,'Player Stats'!E:E) -> 0.90909091 | J54: =_xlfn.XLOOKUP(C54,'Player Stats'!A:A,'Player Stats'!F:F) -> 1 | K54: =_xlfn.XLOOKUP(C54,'Player Stats'!A:A,'Player Stats'!G:G) -> 0.27272727 | L54: =_xlfn.XLOOKUP(C54,'Player Stats'!A:A,'Player Stats'!H:H) -> 12.287879 | M54: =F54*G54 -> 67 | N54: =F54*H54 -> 10 | O54: =F54*I54 -> 10 | P54: =F54*J54 -> 11 | Q54: =F54*K54 -> 3 | R54: =F54*L54 -> 135.16667 | S54: =(M54/D54)*1000000 -> 376.97419 | T54: =(N54/D54)*1000000 -> 56.264805 | U54: =(O54/D54)*1000000 -> 56.264805 | V54: =(P54/D54)*1000000 -> 61.891285 | W54: =(Q54/D54)*1000000 -> 16.879441 | X54: =IF(AND(F54>=20,L54>=15),"Yes","No") -> No
A55: 2025-26 | B55: 892733 | C55: Tre Scott | D55: 129503 | E55: Brooklyn Nets | F55: =_xlfn.XLOOKUP(C55,'Player Stats'!A:A,'Player Stats'!B:B) -> 6 | G55: =_xlfn.XLOOKUP(C55,'Player Stats'!A:A,'Player Stats'!C:C) -> 8 | H55: =_xlfn.XLOOKUP(C55,'Player Stats'!A:A,'Player Stats'!D:D) -> 5.1666667 | I55: =_xlfn.XLOOKUP(C55,'Player Stats'!A:A,'Player Stats'!E:E) -> 1.6666667 | J55: =_xlfn.XLOOKUP(C55,'Player Stats'!A:A,'Player Stats'!F:F) -> 1.3333333 | K55: =_xlfn.XLOOKUP(C55,'Player Stats'!A:A,'Player Stats'!G:G) -> 0.83333333 | L55: =_xlfn.XLOOKUP(C55,'Player Stats'!A:A,'Player Stats'!H:H) -> 30.372222 | M55: =F55*G55 -> 48 | N55: =F55*H55 -> 31 | O55: =F55*I55 -> 10 | P55: =F55*J55 -> 8 | Q55: =F55*K55 -> 5 | R55: =F55*L55 -> 182.23333 | S55: =(M55/D55)*1000000 -> 370.64778 | T55: =(N55/D55)*1000000 -> 239.37669 | U55: =(O55/D55)*1000000 -> 77.218288 | V55: =(P55/D55)*1000000 -> 61.774631 | W55: =(Q55/D55)*1000000 -> 38.609144 | X55: =IF(AND(F55>=20,L55>=15),"Yes","No") -> No
A56: 2025-26 | B56: 1176070 | C56: Julian Champagnie | D56: 3000000 | E56: San Antonio Spurs | F56: =_xlfn.XLOOKUP(C56,'Player Stats'!A:A,'Player Stats'!B:B) -> 106 | G56: =_xlfn.XLOOKUP(C56,'Player Stats'!A:A,'Player Stats'!C:C) -> 11.056604 | H56: =_xlfn.XLOOKUP(C56,'Player Stats'!A:A,'Player Stats'!D:D) -> 5.7169811 | I56: =_xlfn.XLOOKUP(C56,'Player Stats'!A:A,'Player Stats'!E:E) -> 1.5471698 | J56: =_xlfn.XLOOKUP(C56,'Player Stats'!A:A,'Player Stats'!F:F) -> 0.87735849 | K56: =_xlfn.XLOOKUP(C56,'Player Stats'!A:A,'Player Stats'!G:G) -> 0.48113208 | L56: =_xlfn.XLOOKUP(C56,'Player Stats'!A:A,'Player Stats'!H:H) -> 28.262107 | M56: =F56*G56 -> 1172 | N56: =F56*H56 -> 606 | O56: =F56*I56 -> 164 | P56: =F56*J56 -> 93 | Q56: =F56*K56 -> 51 | R56: =F56*L56 -> 2995.7833 | S56: =(M56/D56)*1000000 -> 390.66667 | T56: =(N56/D56)*1000000 -> 202 | U56: =(O56/D56)*1000000 -> 54.666667 | V56: =(P56/D56)*1000000 -> 31 | W56: =(Q56/D56)*1000000 -> 17 | X56: =IF(AND(F56>=20,L56>=15),"Yes","No") -> Yes
A57: 2025-26 | B57: 1232539 | C57: Andersson Garcia | D57: 73153 | E57: Utah Jazz | F57: =_xlfn.XLOOKUP(C57,'Player Stats'!A:A,'Player Stats'!B:B) -> 5 | G57: =_xlfn.XLOOKUP(C57,'Player Stats'!A:A,'Player Stats'!C:C) -> 5.2 | H57: =_xlfn.XLOOKUP(C57,'Player Stats'!A:A,'Player Stats'!D:D) -> 8.4 | I57: =_xlfn.XLOOKUP(C57,'Player Stats'!A:A,'Player Stats'!E:E) -> 2.8 | J57: =_xlfn.XLOOKUP(C57,'Player Stats'!A:A,'Player Stats'!F:F) -> 1.6 | K57: =_xlfn.XLOOKUP(C57,'Player Stats'!A:A,'Player Stats'!G:G) -> 0.8 | L57: =_xlfn.XLOOKUP(C57,'Player Stats'!A:A,'Player Stats'!H:H) -> 33.75 | M57: =F57*G57 -> 26 | N57: =F57*H57 -> 42 | O57: =F57*I57 -> 14 | P57: =F57*J57 -> 8 | Q57: =F57*K57 -> 4 | R57: =F57*L57 -> 168.75 | S57: =(M57/D57)*1000000 -> 355.41946 | T57: =(N57/D57)*1000000 -> 574.13913 | U57: =(O57/D57)*1000000 -> 191.37971 | V57: =(P57/D57)*1000000 -> 109.35983 | W57: =(Q57/D57)*1000000 -> 54.679917 | X57: =IF(AND(F57>=20,L57>=15),"Yes","No") -> No
... A153: 2025-26 | B153: 1175125 | C153: Jake LaRavia | D153: 6000000 | E153: Los Angeles Lakers | F153: =_xlfn.XLOOKUP(C153,'Player Stats'!A:A,'Player Stats'!B:B) -> 90 | G153: =_xlfn.XLOOKUP(C153,'Player Stats'!A:A,'Player Stats'!C:C) -> 7.7777778 | H153: =_xlfn.XLOOKUP(C153,'Player Stats'!A:A,'Player Stats'!D:D) -> 3.8111111 | I153: =_xlfn.XLOOKUP(C153,'Player Stats'!A:A,'Player Stats'!E:E) -> 1.6777778 | J153: =_xlfn.XLOOKUP(C153,'Player Stats'!A:A,'Player Stats'!F:F) -> 1.2 | K153: =_xlfn.XLOOKUP(C153,'Player Stats'!A:A,'Player Stats'!G:G) -> 0.48888889 | L153: =_xlfn.XLOOKUP(C153,'Player Stats'!A:A,'Player Stats'!H:H) -> 24.17037 | M153: =F153*G153 -> 700 | N153: =F153*H153 -> 343 | O153: =F153*I153 -> 151 | P153: =F153*J153 -> 108 | Q153: =F153*K153 -> 44 | R153: =F153*L153 -> 2175.3333 | S153: =(M153/D153)*1000000 -> 116.66667 | T153: =(N153/D153)*1000000 -> 57.166667 | U153: =(O153/D153)*1000000 -> 25.166667 | V153: =(P153/D153)*1000000 -> 18 | W153: =(Q153/D153)*1000000 -> 7.3333333 | X153: =IF(AND(F153>=20,L153>=15),"Yes","No") -> Yes
A154: 2025-26 | C154: Lawson Lovering | D154: 73153 | E154: Memphis Grizzlies | F154: =_xlfn.XLOOKUP(C154,'Player Stats'!A:A,'Player Stats'!B:B) -> 2 | G154: =_xlfn.XLOOKUP(C154,'Player Stats'!A:A,'Player Stats'!C:C) -> 7 | H154: =_xlfn.XLOOKUP(C154,'Player Stats'!A:A,'Player Stats'!D:D) -> 7.5 | I154: =_xlfn.XLOOKUP(C154,'Player Stats'!A:A,'Player Stats'!E:E) -> 1.5 | J154: =_xlfn.XLOOKUP(C154,'Player Stats'!A:A,'Player Stats'!F:F) -> 1.5 | K154: =_xlfn.XLOOKUP(C154,'Player Stats'!A:A,'Player Stats'!G:G) -> 0.5 | L154: =_xlfn.XLOOKUP(C154,'Player Stats'!A:A,'Player Stats'!H:H) -> 24.633333 | M154: =F154*G154 -> 14 | N154: =F154*H154 -> 15 | O154: =F154*I154 -> 3 | P154: =F154*J154 -> 3 | Q154: =F154*K154 -> 1 | R154: =F154*L154 -> 49.266667 | S154: =(M154/D154)*1000000 -> 191.37971 | T154: =(N154/D154)*1000000 -> 205.04969 | U154: =(O154/D154)*1000000 -> 41.009938 | V154: =(P154/D154)*1000000 -> 41.009938 | W154: =(Q154/D154)*1000000 -> 13.669979 | X154: =IF(AND(F154>=20,L154>=15),"Yes","No") -> No
A155: 2025-26 | B155: 1177050 | C155: Isaiah Stewart | D155: 15000000 | E155: Detroit Pistons | F155: =_xlfn.XLOOKUP(C155,'Player Stats'!A:A,'Player Stats'!B:B) -> 72 | G155: =_xlfn.XLOOKUP(C155,'Player Stats'!A:A,'Player Stats'!C:C) -> 8.8472222 | H155: =_xlfn.XLOOKUP(C155,'Player Stats'!A:A,'Player Stats'!D:D) -> 4.5 | I155: =_xlfn.XLOOKUP(C155,'Player Stats'!A:A,'Player Stats'!E:E) -> 0.95833333 | J155: =_xlfn.XLOOKUP(C155,'Player Stats'!A:A,'Player Stats'!F:F) -> 0.23611111 | K155: =_xlfn.XLOOKUP(C155,'Player Stats'!A:A,'Player Stats'!G:G) -> 1.4861111 | L155: =_xlfn.XLOOKUP(C155,'Player Stats'!A:A,'Player Stats'!H:H) -> 20.590972 | M155: =F155*G155 -> 637 | N155: =F155*H155 -> 324 | O155: =F155*I155 -> 69 | P155: =F155*J155 -> 17 | Q155: =F155*K155 -> 107 | R155: =F155*L155 -> 1482.55 | S155: =(M155/D155)*1000000 -> 42.466667 | T155: =(N155/D155)*1000000 -> 21.6 | U155: =(O155/D155)*1000000 -> 4.6 | V155: =(P155/D155)*1000000 -> 1.1333333 | W155: =(Q155/D155)*1000000 -> 7.1333333 | X155: =IF(AND(F155>=20,L155>=15),"Yes","No") -> Yes
A156: 2025-26 | B156: 896184 | C156: DaQuan Jeffries | D156: 165197 | E156: Sacramento Kings | F156: =_xlfn.XLOOKUP(C156,'Player Stats'!A:A,'Player Stats'!B:B) -> 3 | G156: =_xlfn.XLOOKUP(C156,'Player Stats'!A:A,'Player Stats'!C:C) -> 10.333333 | H156: =_xlfn.XLOOKUP(C156,'Player Stats'!A:A,'Player Stats'!D:D) -> 1.6666667 | I156: =_xlfn.XLOOKUP(C156,'Player Stats'!A:A,'Player Stats'!E:E) -> 0.33333333 | J156: =_xlfn.XLOOKUP(C156,'Player Stats'!A:A,'Player Stats'!F:F) -> 0.66666667 | K156: =_xlfn.XLOOKUP(C156,'Player Stats'!A:A,'Player Stats'!G:G) -> 0 | L156: =_xlfn.XLOOKUP(C156,'Player Stats'!A:A,'Player Stats'!H:H) -> 19.966667 | M156: =F156*G156 -> 31 | N156: =F156*H156 -> 5 | O156: =F156*I156 -> 1 | P156: =F156*J156 -> 2 | Q156: =F156*K156 -> 0 | R156: =F156*L156 -> 59.9 | S156: =(M156/D156)*1000000 -> 187.65474 | T156: =(N156/D156)*1000000 -> 30.266893 | U156: =(O156/D156)*1000000 -> 6.0533787 | V156: =(P156/D156)*1000000 -> 12.106757 | W156: =(Q156/D156)*1000000 -> 0 | X156: =IF(AND(F156>=20,L156>=15),"Yes","No") -> No
A157: 2025-26 | B157: 1482016 | C157: Riley Minix | D157: 189811 | E157: Cleveland Cavaliers | F157: =_xlfn.XLOOKUP(C157,'Player Stats'!A:A,'Player Stats'!B:B) -> 9 | G157: =_xlfn.XLOOKUP(C157,'Player Stats'!A:A,'Player Stats'!C:C) -> 3.8888889 | H157: =_xlfn.XLOOKUP(C157,'Player Stats'!A:A,'Player Stats'!D:D) -> 0.66666667 | I157: =_xlfn.XLOOKUP(C157,'Player Stats'!A:A,'Player Stats'!E:E) -> 0.55555556 | J157: =_xlfn.XLOOKUP(C157,'Player Stats'!A:A,'Player Stats'!F:F) -> 0.22222222 | K157: =_xlfn.XLOOKUP(C157,'Player Stats'!A:A,'Player Stats'!G:G) -> 0.11111111 | L157: =_xlfn.XLOOKUP(C157,'Player Stats'!A:A,'Player Stats'!H:H) -> 6.4537037 | M157: =F157*G157 -> 35 | N157: =F157*H157 -> 6 | O157: =F157*I157 -> 5 | P157: =F157*J157 -> 2 | Q157: =F157*K157 -> 1 | R157: =F157*L157 -> 58.083333 | S157: =(M157/D157)*1000000 -> 184.39395 | T157: =(N157/D157)*1000000 -> 31.610391 | U157: =(O157/D157)*1000000 -> 26.341993 | V157: =(P157/D157)*1000000 -> 10.536797 | W157: =(Q157/D157)*1000000 -> 5.2683986 | X157: =IF(AND(F157>=20,L157>=15),"Yes","No") -> No
A158: 2025-26 | B158: 954390 | C158: Robert Williams | D158: 13285713 | E158: Portland Trail Blazers | F158: =_xlfn.XLOOKUP(C158,'Player Stats'!A:A,'Player Stats'!B:B) -> 65 | G158: =_xlfn.XLOOKUP(C158,'Player Stats'!A:A,'Player Stats'!C:C) -> 6.8769231 | H158: =_xlfn.XLOOKUP(C158,'Player Stats'!A:A,'Player Stats'!D:D) -> 7.0615385 | I158: =_xlfn.XLOOKUP(C158,'Player Stats'!A:A,'Player Stats'!E:E) -> 1.1384615 | J158: =_xlfn.XLOOKUP(C158,'Player Stats'!A:A,'Player Stats'!F:F) -> 0.6 | K158: =_xlfn.XLOOKUP(C158,'Player Stats'!A:A,'Player Stats'!G:G) -> 1.4461538 | L158: =_xlfn.XLOOKUP(C158,'Player Stats'!A:A,'Player Stats'!H:H) -> 17.426667 | M158: =F158*G158 -> 447 | N158: =F158*H158 -> 459 | O158: =F158*I158 -> 74 | P158: =F158*J158 -> 39 | Q158: =F158*K158 -> 94 | R158: =F158*L158 -> 1132.7333 | S158: =(M158/D158)*1000000 -> 33.645165 | T158: =(N158/D158)*1000000 -> 34.54839 | U158: =(O158/D158)*1000000 -> 5.569893 | V158: =(P158/D158)*1000000 -> 2.9354842 | W158: =(Q158/D158)*1000000 -> 7.0752695 | X158: =IF(AND(F158>=20,L158>=15),"Yes","No") -> Yes
A159: 2025-26 | B159: 1590551 | C159: Noah Penda | D159: 1272870 | E159: Orlando Magic | F159: =_xlfn.XLOOKUP(C159,'Player Stats'!A:A,'Player Stats'!B:B) -> 61 | G159: =_xlfn.XLOOKUP(C159,'Player Stats'!A:A,'Player Stats'!C:C) -> 3.7868852 | H159: =_xlfn.XLOOKUP(C159,'Player Stats'!A:A,'Player Stats'!D:D) -> 3.0819672 | I159: =_xlfn.XLOOKUP(C159,'Player Stats'!A:A,'Player Stats'!E:E) -> 1.147541 | J159: =_xlfn.XLOOKUP(C159,'Player Stats'!A:A,'Player Stats'!F:F) -> 0.49180328 | K159: =_xlfn.XLOOKUP(C159,'Player Stats'!A:A,'Player Stats'!G:G) -> 0.29508197 | L159: =_xlfn.XLOOKUP(C159,'Player Stats'!A:A,'Player Stats'!H:H) -> 12.556831 | M159: =F159*G159 -> 231 | N159: =F159*H159 -> 188 | O159: =F159*I159 -> 70 | P159: =F159*J159 -> 30 | Q159: =F159*K159 -> 18 | R159: =F159*L159 -> 765.96667 | S159: =(M159/D159)*1000000 -> 181.47965 | T159: =(N159/D159)*1000000 -> 147.69772 | U159: =(O159/D159)*1000000 -> 54.993833 | V159: =(P159/D159)*1000000 -> 23.568786 | W159: =(Q159/D159)*1000000 -> 14.141271 | X159: =IF(AND(F159>=20,L159>=15),"Yes","No") -> No
A160: 2025-26 | B160: 1323578 | C160: Will Richard | D160: 1272870 | E160: Golden State Warriors | F160: =_xlfn.XLOOKUP(C160,'Player Stats'!A:A,'Player Stats'!B:B) -> 70 | G160: =_xlfn.XLOOKUP(C160,'Player Stats'!A:A,'Player Stats'!C:C) -> 6.3 | H160: =_xlfn.XLOOKUP(C160,'Player Stats'!A:A,'Player Stats'!D:D) -> 2.4571429 | I160: =_xlfn.XLOOKUP(C160,'Player Stats'!A:A,'Player Stats'!E:E) -> 1.3285714 | J160: =_xlfn.XLOOKUP(C160,'Player Stats'!A:A,'Player Stats'!F:F) -> 1.1428571 | K160: =_xlfn.XLOOKUP(C160,'Player Stats'!A:A,'Player Stats'!G:G) -> 0.12857143 | L160: =_xlfn.XLOOKUP(C160,'Player Stats'!A:A,'Player Stats'!H:H) -> 19.684524 | M160: =F160*G160 -> 441 | N160: =F160*H160 -> 172 | O160: =F160*I160 -> 93 | P160: =F160*J160 -> 80 | Q160: =F160*K160 -> 9 | R160: =F160*L160 -> 1377.9167 | S160: =(M160/D160)*1000000 -> 346.46115 | T160: =(N160/D160)*1000000 -> 135.1277 | U160: =(O160/D160)*1000000 -> 73.063235 | V160: =(P160/D160)*1000000 -> 62.850095 | W160: =(Q160/D160)*1000000 -> 7.0706357 | X160: =IF(AND(F160>=20,L160>=15),"Yes","No") -> Yes
A161: 2025-26 | B161: 1176176 | C161: Jeremiah Robinson-Earl | D161: 141463 | E161: Dallas Mavericks | F161: =_xlfn.XLOOKUP(C161,'Player Stats'!A:A,'Player Stats'!B:B) -> 22 | G161: =_xlfn.XLOOKUP(C161,'Player Stats'!A:A,'Player Stats'!C:C) -> 4.5909091 | H161: =_xlfn.XLOOKUP(C161,'Player Stats'!A:A,'Player Stats'!D:D) -> 4.6818182 | I161: =_xlfn.XLOOKUP(C161,'Player Stats'!A:A,'Player Stats'!E:E) -> 0.68181818 | J161: =_xlfn.XLOOKUP(C161,'Player Stats'!A:A,'Player Stats'!F:F) -> 0.40909091 | K161: =_xlfn.XLOOKUP(C161,'Player Stats'!A:A,'Player Stats'!G:G) -> 0.045454545 | L161: =_xlfn.XLOOKUP(C161,'Player Stats'!A:A,'Player Stats'!H:H) -> 16.390909 | M161: =F161*G161 -> 101 | N161: =F161*H161 -> 103 | O161: =F161*I161 -> 15 | P161: =F161*J161 -> 9 | Q161: =F161*K161 -> 1 | R161: =F161*L161 -> 360.6 | S161: =(M161/D161)*1000000 -> 713.96761 | T161: =(N161/D161)*1000000 -> 728.10558 | U161: =(O161/D161)*1000000 -> 106.03479 | V161: =(P161/D161)*1000000 -> 63.620876 | W161: =(Q161/D161)*1000000 -> 7.0689862 | X161: =IF(AND(F161>=20,L161>=15),"Yes","No") -> Yes
A162: 2025-26 | B162: 1349638 | C162: Karlo Matkovic | D162: 1955377 | E162: New Orleans Pelicans | F162: =_xlfn.XLOOKUP(C162,'Player Stats'!A:A,'Player Stats'!B:B) -> 62 | G162: =_xlfn.XLOOKUP(C162,'Player Stats'!A:A,'Player Stats'!C:C) -> 5.6774194 | H162: =_xlfn.XLOOKUP(C162,'Player Stats'!A:A,'Player Stats'!D:D) -> 3.6935484 | I162: =_xlfn.XLOOKUP(C162,'Player Stats'!A:A,'Player Stats'!E:E) -> 0.80645161 | J162: =_xlfn.XLOOKUP(C162,'Player Stats'!A:A,'Player Stats'!F:F) -> 0.40322581 | K162: =_xlfn.XLOOKUP(C162,'Player Stats'!A:A,'Player Stats'!G:G) -> 0.87096774 | L162: =_xlfn.XLOOKUP(C162,'Player Stats'!A:A,'Player Stats'!H:H) -> 14.705376 | M162: =F162*G162 -> 352 | N162: =F162*H162 -> 229 | O162: =F162*I162 -> 50 | P162: =F162*J162 -> 25 | Q162: =F162*K162 -> 54 | R162: =F162*L162 -> 911.73333 | S162: =(M162/D162)*1000000 -> 180.01644 | T162: =(N162/D162)*1000000 -> 117.11297 | U162: =(O162/D162)*1000000 -> 25.570517 | V162: =(P162/D162)*1000000 -> 12.785258 | W162: =(Q162/D162)*1000000 -> 27.616158 | X162: =IF(AND(F162>=20,L162>=15),"Yes","No") -> No
A163: 2025-26 | B163: 1138674 | C163: Tolu Smith | D163: 336782 | E163: Detroit Pistons | F163: =_xlfn.XLOOKUP(C163,'Player Stats'!A:A,'Player Stats'!B:B) -> 18 | G163: =_xlfn.XLOOKUP(C163,'Player Stats'!A:A,'Player Stats'!C:C) -> 3.3333333 | H163: =_xlfn.XLOOKUP(C163,'Player Stats'!A:A,'Player Stats'!D:D) -> 2.8333333 | I163: =_xlfn.XLOOKUP(C163,'Player Stats'!A:A,'Player Stats'!E:E) -> 0.72222222 | J163: =_xlfn.XLOOKUP(C163,'Player Stats'!A:A,'Player Stats'!F:F) -> 0.16666667 | K163: =_xlfn.XLOOKUP(C163,'Player Stats'!A:A,'Player Stats'!G:G) -> 0.33333333 | L163: =_xlfn.XLOOKUP(C163,'Player Stats'!A:A,'Player Stats'!H:H) -> 8.025 | M163: =F163*G163 -> 60 | N163: =F163*H163 -> 51 | O163: =F163*I163 -> 13 | P163: =F163*J163 -> 3 | Q163: =F163*K163 -> 6 | R163: =F163*L163 -> 144.45 | S163: =(M163/D163)*1000000 -> 178.15679 | T163: =(N163/D163)*1000000 -> 151.43327 | U163: =(O163/D163)*1000000 -> 38.600638 | V163: =(P163/D163)*1000000 -> 8.9078395 | W163: =(Q163/D163)*1000000 -> 17.815679 | X163: =IF(AND(F163>=20,L163>=15),"Yes","No") -> No
A164: 2025-26 | B164: 1134869 | C164: Vince Williams Jr. | D164: 2301587 | E164: Utah Jazz | F164: =_xlfn.XLOOKUP(C164,'Player Stats'!A:A,'Player Stats'!B:B) -> 40 | G164: =_xlfn.XLOOKUP(C164,'Player Stats'!A:A,'Player Stats'!C:C) -> 7.5 | H164: =_xlfn.XLOOKUP(C164,'Player Stats'!A:A,'Player Stats'!D:D) -> 3.875 | I164: =_xlfn.XLOOKUP(C164,'Player Stats'!A:A,'Player Stats'!E:E) -> 4.15 | J164: =_xlfn.XLOOKUP(C164,'Player Stats'!A:A,'Player Stats'!F:F) -> 0.725 | K164: =_xlfn.XLOOKUP(C164,'Player Stats'!A:A,'Player Stats'!G:G) -> 0.4 | L164: =_xlfn.XLOOKUP(C164,'Player Stats'!A:A,'Player Stats'!H:H) -> 20.485833 | M164: =F164*G164 -> 300 | N164: =F164*H164 -> 155 | O164: =F164*I164 -> 166 | P164: =F164*J164 -> 29 | Q164: =F164*K164 -> 16 | R164: =F164*L164 -> 819.43333 | S164: =(M164/D164)*1000000 -> 130.34484 | T164: =(N164/D164)*1000000 -> 67.344836 | U164: =(O164/D164)*1000000 -> 72.124147 | V164: =(P164/D164)*1000000 -> 12.600002 | W164: =(Q164/D164)*1000000 -> 6.951725 | X164: =IF(AND(F164>=20,L164>=15),"Yes","No") -> Yes
A165: 2025-26 | B165: 1137214 | C165: A.J. Lawson | D165: 660121 | E165: Toronto Raptors | F165: =_xlfn.XLOOKUP(C165,'Player Stats'!A:A,'Player Stats'!B:B) -> 31 | G165: =_xlfn.XLOOKUP(C165,'Player Stats'!A:A,'Player Stats'!C:C) -> 3.6451613 | H165: =_xlfn.XLOOKUP(C165,'Player Stats'!A:A,'Player Stats'!D:D) -> 1.483871 | I165: =_xlfn.XLOOKUP(C165,'Player Stats'!A:A,'Player Stats'!E:E) -> 0.35483871 | J165: =_xlfn.XLOOKUP(C165,'Player Stats'!A:A,'Player Stats'!F:F) -> 0.38709677 | K165: =_xlfn.XLOOKUP(C165,'Player Stats'!A:A,'Player Stats'!G:G) -> 0.19354839 | L165: =_xlfn.XLOOKUP(C165,'Player Stats'!A:A,'Player Stats'!H:H) -> 8.9263441 | M165: =F165*G165 -> 113 | N165: =F165*H165 -> 46 | O165: =F165*I165 -> 11 | P165: =F165*J165 -> 12 | Q165: =F165*K165 -> 6 | R165: =F165*L165 -> 276.71667 | S165: =(M165/D165)*1000000 -> 171.18074 | T165: =(N165/D165)*1000000 -> 69.684194 | U165: =(O165/D165)*1000000 -> 16.663612 | V165: =(P165/D165)*1000000 -> 18.178485 | W165: =(Q165/D165)*1000000 -> 9.0892427 | X165: =IF(AND(F165>=20,L165>=15),"Yes","No") -> No
A166: 2025-26 | B166: 1071933 | C166: Jericho Sims | D166: 2461463 | E166: Milwaukee Bucks | F166: =_xlfn.XLOOKUP(C166,'Player Stats'!A:A,'Player Stats'!B:B) -> 67 | G166: =_xlfn.XLOOKUP(C166,'Player Stats'!A:A,'Player Stats'!C:C) -> 4.9850746 | H166: =_xlfn.XLOOKUP(C166,'Player Stats'!A:A,'Player Stats'!D:D) -> 5.5223881 | I166: =_xlfn.XLOOKUP(C166,'Player Stats'!A:A,'Player Stats'!E:E) -> 1.5522388 | J166: =_xlfn.XLOOKUP(C166,'Player Stats'!A:A,'Player Stats'!F:F) -> 0.28358209 | K166: =_xlfn.XLOOKUP(C166,'Player Stats'!A:A,'Player Stats'!G:G) -> 0.25373134 | L166: =_xlfn.XLOOKUP(C166,'Player Stats'!A:A,'Player Stats'!H:H) -> 19.669154 | M166: =F166*G166 -> 334 | N166: =F166*H166 -> 370 | O166: =F166*I166 -> 104 | P166: =F166*J166 -> 19 | Q166: =F166*K166 -> 17 | R166: =F166*L166 -> 1317.8333 | S166: =(M166/D166)*1000000 -> 135.69166 | T166: =(N166/D166)*1000000 -> 150.31711 | U166: =(O166/D166)*1000000 -> 42.251295 | V166: =(P166/D166)*1000000 -> 7.7189866 | W166: =(Q166/D166)*1000000 -> 6.9064617 | X166: =IF(AND(F166>=20,L166>=15),"Yes","No") -> Yes
... A493: 2025-26 | B493: 891352 | C493: Jamal Murray | D493: 46394100 | E493: Denver Nuggets | F493: =_xlfn.XLOOKUP(C493,'Player Stats'!A:A,'Player Stats'!B:B) -> 81 | G493: =_xlfn.XLOOKUP(C493,'Player Stats'!A:A,'Player Stats'!C:C) -> 25.271605 | H493: =_xlfn.XLOOKUP(C493,'Player Stats'!A:A,'Player Stats'!D:D) -> 4.4444444 | I493: =_xlfn.XLOOKUP(C493,'Player Stats'!A:A,'Player Stats'!E:E) -> 7.0246914 | J493: =_xlfn.XLOOKUP(C493,'Player Stats'!A:A,'Player Stats'!F:F) -> 0.87654321 | K493: =_xlfn.XLOOKUP(C493,'Player Stats'!A:A,'Player Stats'!G:G) -> 0.38271605 | L493: =_xlfn.XLOOKUP(C493,'Player Stats'!A:A,'Player Stats'!H:H) -> 35.680041 | M493: =F493*G493 -> 2047 | N493: =F493*H493 -> 360 | O493: =F493*I493 -> 569 | P493: =F493*J493 -> 71 | Q493: =F493*K493 -> 31 | R493: =F493*L493 -> 2890.0833 | S493: =(M493/D493)*1000000 -> 44.12199 | T493: =(N493/D493)*1000000 -> 7.7596074 | U493: =(O493/D493)*1000000 -> 12.264491 | V493: =(P493/D493)*1000000 -> 1.530367 | W493: =(Q493/D493)*1000000 -> 0.66818841 | X493: =IF(AND(F493>=20,L493>=15),"Yes","No") -> Yes
A494: 2025-26 | C494: Alex Antetokounmpo | D494: 636435 | E494: Milwaukee Bucks | F494: =_xlfn.XLOOKUP(C494,'Player Stats'!A:A,'Player Stats'!B:B) -> 6 | G494: =_xlfn.XLOOKUP(C494,'Player Stats'!A:A,'Player Stats'!C:C) -> 3.1666667 | H494: =_xlfn.XLOOKUP(C494,'Player Stats'!A:A,'Player Stats'!D:D) -> 1 | I494: =_xlfn.XLOOKUP(C494,'Player Stats'!A:A,'Player Stats'!E:E) -> 0.16666667 | J494: =_xlfn.XLOOKUP(C494,'Player Stats'!A:A,'Player Stats'!F:F) -> 0 | K494: =_xlfn.XLOOKUP(C494,'Player Stats'!A:A,'Player Stats'!G:G) -> 0.16666667 | L494: =_xlfn.XLOOKUP(C494,'Player Stats'!A:A,'Player Stats'!H:H) -> 3.4388889 | M494: =F494*G494 -> 19 | N494: =F494*H494 -> 6 | O494: =F494*I494 -> 1 | P494: =F494*J494 -> 0 | Q494: =F494*K494 -> 1 | R494: =F494*L494 -> 20.633333 | S494: =(M494/D494)*1000000 -> 29.853795 | T494: =(N494/D494)*1000000 -> 9.4275142 | U494: =(O494/D494)*1000000 -> 1.5712524 | V494: =(P494/D494)*1000000 -> 0 | W494: =(Q494/D494)*1000000 -> 1.5712524 | X494: =IF(AND(F494>=20,L494>=15),"Yes","No") -> No
A495: 2025-26 | B495: 842297 | C495: Tyus Jones | D495: 7000000 | E495: Dallas Mavericks | F495: =_xlfn.XLOOKUP(C495,'Player Stats'!A:A,'Player Stats'!B:B) -> 70 | G495: =_xlfn.XLOOKUP(C495,'Player Stats'!A:A,'Player Stats'!C:C) -> 2.9714286 | H495: =_xlfn.XLOOKUP(C495,'Player Stats'!A:A,'Player Stats'!D:D) -> 1.0857143 | I495: =_xlfn.XLOOKUP(C495,'Player Stats'!A:A,'Player Stats'!E:E) -> 2.3428571 | J495: =_xlfn.XLOOKUP(C495,'Player Stats'!A:A,'Player Stats'!F:F) -> 0.55714286 | K495: =_xlfn.XLOOKUP(C495,'Player Stats'!A:A,'Player Stats'!G:G) -> 0.042857143 | L495: =_xlfn.XLOOKUP(C495,'Player Stats'!A:A,'Player Stats'!H:H) -> 14.412619 | M495: =F495*G495 -> 208 | N495: =F495*H495 -> 76 | O495: =F495*I495 -> 164 | P495: =F495*J495 -> 39 | Q495: =F495*K495 -> 3 | R495: =F495*L495 -> 1008.8833 | S495: =(M495/D495)*1000000 -> 29.714286 | T495: =(N495/D495)*1000000 -> 10.857143 | U495: =(O495/D495)*1000000 -> 23.428571 | V495: =(P495/D495)*1000000 -> 5.5714286 | W495: =(Q495/D495)*1000000 -> 0.42857143 | X495: =IF(AND(F495>=20,L495>=15),"Yes","No") -> No
A496: 2025-26 | B496: 1232020 | C496: Cam Thomas | D496: 5993172 | E496: Brooklyn Nets | F496: =_xlfn.XLOOKUP(C496,'Player Stats'!A:A,'Player Stats'!B:B) -> 42 | G496: =_xlfn.XLOOKUP(C496,'Player Stats'!A:A,'Player Stats'!C:C) -> 13.5 | H496: =_xlfn.XLOOKUP(C496,'Player Stats'!A:A,'Player Stats'!D:D) -> 1.6904762 | I496: =_xlfn.XLOOKUP(C496,'Player Stats'!A:A,'Player Stats'!E:E) -> 2.5714286 | J496: =_xlfn.XLOOKUP(C496,'Player Stats'!A:A,'Player Stats'!F:F) -> 0.21428571 | K496: =_xlfn.XLOOKUP(C496,'Player Stats'!A:A,'Player Stats'!G:G) -> 0.095238095 | L496: =_xlfn.XLOOKUP(C496,'Player Stats'!A:A,'Player Stats'!H:H) -> 20.965476 | M496: =F496*G496 -> 567 | N496: =F496*H496 -> 71 | O496: =F496*I496 -> 108 | P496: =F496*J496 -> 9 | Q496: =F496*K496 -> 4 | R496: =F496*L496 -> 880.55 | S496: =(M496/D496)*1000000 -> 94.607664 | T496: =(N496/D496)*1000000 -> 11.846815 | U496: =(O496/D496)*1000000 -> 18.020507 | V496: =(P496/D496)*1000000 -> 1.5017089 | W496: =(Q496/D496)*1000000 -> 0.6674262 | X496: =IF(AND(F496>=20,L496>=15),"Yes","No") -> Yes
A497: 2025-26 | B497: 1334228 | C497: DaRon Holmes | D497: 3218760 | E497: Denver Nuggets | F497: =_xlfn.XLOOKUP(C497,'Player Stats'!A:A,'Player Stats'!B:B) -> 27 | G497: =_xlfn.XLOOKUP(C497,'Player Stats'!A:A,'Player Stats'!C:C) -> 3.4444444 | H497: =_xlfn.XLOOKUP(C497,'Player Stats'!A:A,'Player Stats'!D:D) -> 1.3703704 | I497: =_xlfn.XLOOKUP(C497,'Player Stats'!A:A,'Player Stats'!E:E) -> 0.59259259 | J497: =_xlfn.XLOOKUP(C497,'Player Stats'!A:A,'Player Stats'!F:F) -> 0.037037037 | K497: =_xlfn.XLOOKUP(C497,'Player Stats'!A:A,'Player Stats'!G:G) -> 0.22222222 | L497: =_xlfn.XLOOKUP(C497,'Player Stats'!A:A,'Player Stats'!H:H) -> 7.9154321 | M497: =F497*G497 -> 93 | N497: =F497*H497 -> 37 | O497: =F497*I497 -> 16 | P497: =F497*J497 -> 1 | Q497: =F497*K497 -> 6 | R497: =F497*L497 -> 213.71667 | S497: =(M497/D497)*1000000 -> 28.893114 | T497: =(N497/D497)*1000000 -> 11.49511 | U497: =(O497/D497)*1000000 -> 4.9708583 | V497: =(P497/D497)*1000000 -> 0.31067865 | W497: =(Q497/D497)*1000000 -> 1.8640719 | X497: =IF(AND(F497>=20,L497>=15),"Yes","No") -> No
A498: 2025-26 | B498: 1060704 | C498: Naji Marshall | D498: 9000000 | E498: Dallas Mavericks | F498: =_xlfn.XLOOKUP(C498,'Player Stats'!A:A,'Player Stats'!B:B) -> 74 | G498: =_xlfn.XLOOKUP(C498,'Player Stats'!A:A,'Player Stats'!C:C) -> 15.243243 | H498: =_xlfn.XLOOKUP(C498,'Player Stats'!A:A,'Player Stats'!D:D) -> 4.7027027 | I498: =_xlfn.XLOOKUP(C498,'Player Stats'!A:A,'Player Stats'!E:E) -> 3.2567568 | J498: =_xlfn.XLOOKUP(C498,'Player Stats'!A:A,'Player Stats'!F:F) -> 1.1081081 | K498: =_xlfn.XLOOKUP(C498,'Player Stats'!A:A,'Player Stats'!G:G) -> 0.081081081 | L498: =_xlfn.XLOOKUP(C498,'Player Stats'!A:A,'Player Stats'!H:H) -> 29.50991 | M498: =F498*G498 -> 1128 | N498: =F498*H498 -> 348 | O498: =F498*I498 -> 241 | P498: =F498*J498 -> 82 | Q498: =F498*K498 -> 6 | R498: =F498*L498 -> 2183.7333 | S498: =(M498/D498)*1000000 -> 125.33333 | T498: =(N498/D498)*1000000 -> 38.666667 | U498: =(O498/D498)*1000000 -> 26.777778 | V498: =(P498/D498)*1000000 -> 9.1111111 | W498: =(Q498/D498)*1000000 -> 0.66666667 | X498: =IF(AND(F498>=20,L498>=15),"Yes","No") -> Yes
A499: 2025-26 | B499: 883436 | C499: Jaylen Brown | D499: 53142264 | E499: Boston Celtics | F499: =_xlfn.XLOOKUP(C499,'Player Stats'!A:A,'Player Stats'!B:B) -> 78 | G499: =_xlfn.XLOOKUP(C499,'Player Stats'!A:A,'Player Stats'!C:C) -> 28.435897 | H499: =_xlfn.XLOOKUP(C499,'Player Stats'!A:A,'Player Stats'!D:D) -> 6.8205128 | I499: =_xlfn.XLOOKUP(C499,'Player Stats'!A:A,'Player Stats'!E:E) -> 4.9615385 | J499: =_xlfn.XLOOKUP(C499,'Player Stats'!A:A,'Player Stats'!F:F) -> 1 | K499: =_xlfn.XLOOKUP(C499,'Player Stats'!A:A,'Player Stats'!G:G) -> 0.44871795 | L499: =_xlfn.XLOOKUP(C499,'Player Stats'!A:A,'Player Stats'!H:H) -> 34.509829 | M499: =F499*G499 -> 2218 | N499: =F499*H499 -> 532 | O499: =F499*I499 -> 387 | P499: =F499*J499 -> 78 | Q499: =F499*K499 -> 35 | R499: =F499*L499 -> 2691.7667 | S499: =(M499/D499)*1000000 -> 41.737025 | T499: =(N499/D499)*1000000 -> 10.010864 | U499: =(O499/D499)*1000000 -> 7.2823393 | V499: =(P499/D499)*1000000 -> 1.4677583 | W499: =(Q499/D499)*1000000 -> 0.6586095 | X499: =IF(AND(F499>=20,L499>=15),"Yes","No") -> Yes
A500: 2025-26 | B500: 1429357 | C500: Tyler Smith | D500: 1955377 | E500: Milwaukee Bucks | F500: =_xlfn.XLOOKUP(C500,'Player Stats'!A:A,'Player Stats'!B:B) -> 12 | G500: =_xlfn.XLOOKUP(C500,'Player Stats'!A:A,'Player Stats'!C:C) -> 4.6666667 | H500: =_xlfn.XLOOKUP(C500,'Player Stats'!A:A,'Player Stats'!D:D) -> 2.75 | I500: =_xlfn.XLOOKUP(C500,'Player Stats'!A:A,'Player Stats'!E:E) -> 0.41666667 | J500: =_xlfn.XLOOKUP(C500,'Player Stats'!A:A,'Player Stats'!F:F) -> 0.5 | K500: =_xlfn.XLOOKUP(C500,'Player Stats'!A:A,'Player Stats'!G:G) -> 0 | L500: =_xlfn.XLOOKUP(C500,'Player Stats'!A:A,'Player Stats'!H:H) -> 13.798611 | M500: =F500*G500 -> 56 | N500: =F500*H500 -> 33 | O500: =F500*I500 -> 5 | P500: =F500*J500 -> 6 | Q500: =F500*K500 -> 0 | R500: =F500*L500 -> 165.58333 | S500: =(M500/D500)*1000000 -> 28.638979 | T500: =(N500/D500)*1000000 -> 16.876541 | U500: =(O500/D500)*1000000 -> 2.5570517 | V500: =(P500/D500)*1000000 -> 3.068462 | W500: =(Q500/D500)*1000000 -> 0 | X500: =IF(AND(F500>=20,L500>=15),"Yes","No") -> No
A501: 2025-26 | B501: 1077554 | C501: Corey Kispert | D501: 13975000 | E501: Atlanta Hawks | F501: =_xlfn.XLOOKUP(C501,'Player Stats'!A:A,'Player Stats'!B:B) -> 63 | G501: =_xlfn.XLOOKUP(C501,'Player Stats'!A:A,'Player Stats'!C:C) -> 8.6190476 | H501: =_xlfn.XLOOKUP(C501,'Player Stats'!A:A,'Player Stats'!D:D) -> 2.2222222 | I501: =_xlfn.XLOOKUP(C501,'Player Stats'!A:A,'Player Stats'!E:E) -> 1.5555556 | J501: =_xlfn.XLOOKUP(C501,'Player Stats'!A:A,'Player Stats'!F:F) -> 0.28571429 | K501: =_xlfn.XLOOKUP(C501,'Player Stats'!A:A,'Player Stats'!G:G) -> 0.14285714 | L501: =_xlfn.XLOOKUP(C501,'Player Stats'!A:A,'Player Stats'!H:H) -> 17.996032 | M501: =F501*G501 -> 543 | N501: =F501*H501 -> 140 | O501: =F501*I501 -> 98 | P501: =F501*J501 -> 18 | Q501: =F501*K501 -> 9 | R501: =F501*L501 -> 1133.75 | S501: =(M501/D501)*1000000 -> 38.855098 | T501: =(N501/D501)*1000000 -> 10.017889 | U501: =(O501/D501)*1000000 -> 7.0125224 | V501: =(P501/D501)*1000000 -> 1.2880143 | W501: =(Q501/D501)*1000000 -> 0.64400716 | X501: =IF(AND(F501>=20,L501>=15),"Yes","No") -> Yes
A502: 2025-26 | B502: 1271708 | C502: Jonathan Kuminga | D502: 22500000 | E502: Atlanta Hawks | F502: =_xlfn.XLOOKUP(C502,'Player Stats'!A:A,'Player Stats'!B:B) -> 42 | G502: =_xlfn.XLOOKUP(C502,'Player Stats'!A:A,'Player Stats'!C:C) -> 12.380952 | H502: =_xlfn.XLOOKUP(C502,'Player Stats'!A:A,'Player Stats'!D:D) -> 5.2857143 | I502: =_xlfn.XLOOKUP(C502,'Player Stats'!A:A,'Player Stats'!E:E) -> 2.1190476 | J502: =_xlfn.XLOOKUP(C502,'Player Stats'!A:A,'Player Stats'!F:F) -> 0.5952381 | K502: =_xlfn.XLOOKUP(C502,'Player Stats'!A:A,'Player Stats'!G:G) -> 0.33333333 | L502: =_xlfn.XLOOKUP(C502,'Player Stats'!A:A,'Player Stats'!H:H) -> 23.484921 | M502: =F502*G502 -> 520 | N502: =F502*H502 -> 222 | O502: =F502*I502 -> 89 | P502: =F502*J502 -> 25 | Q502: =F502*K502 -> 14 | R502: =F502*L502 -> 986.36667 | S502: =(M502/D502)*1000000 -> 23.111111 | T502: =(N502/D502)*1000000 -> 9.8666667 | U502: =(O502/D502)*1000000 -> 3.9555556 | V502: =(P502/D502)*1000000 -> 1.1111111 | W502: =(Q502/D502)*1000000 -> 0.62222222 | X502: =IF(AND(F502>=20,L502>=15),"Yes","No") -> Yes
A503: 2025-26 | B503: 786412 | C503: Julius Randle | D503: 30864198 | E503: Minnesota Timberwolves | F503: =_xlfn.XLOOKUP(C503,'Player Stats'!A:A,'Player Stats'!B:B) -> 91 | G503: =_xlfn.XLOOKUP(C503,'Player Stats'!A:A,'Player Stats'!C:C) -> 20.428571 | H503: =_xlfn.XLOOKUP(C503,'Player Stats'!A:A,'Player Stats'!D:D) -> 6.8351648 | I503: =_xlfn.XLOOKUP(C503,'Player Stats'!A:A,'Player Stats'!E:E) -> 4.7472527 | J503: =_xlfn.XLOOKUP(C503,'Player Stats'!A:A,'Player Stats'!F:F) -> 1.010989 | K503: =_xlfn.XLOOKUP(C503,'Player Stats'!A:A,'Player Stats'!G:G) -> 0.20879121 | L503: =_xlfn.XLOOKUP(C503,'Player Stats'!A:A,'Player Stats'!H:H) -> 33.078388 | M503: =F503*G503 -> 1859 | N503: =F503*H503 -> 622 | O503: =F503*I503 -> 432 | P503: =F503*J503 -> 92 | Q503: =F503*K503 -> 19 | R503: =F503*L503 -> 3010.1333 | S503: =(M503/D503)*1000000 -> 60.231599 | T503: =(N503/D503)*1000000 -> 20.1528 | U503: =(O503/D503)*1000000 -> 13.9968 | V503: =(P503/D503)*1000000 -> 2.9808 | W503: =(Q503/D503)*1000000 -> 0.61559999 | X503: =IF(AND(F503>=20,L503>=15),"Yes","No") -> Yes
A504: 2025-26 | B504: 1140338 | C504: Buddy Boeheim | D504: 212331 | E504: Oklahoma City Thunder | F504: =_xlfn.XLOOKUP(C504,'Player Stats'!A:A,'Player Stats'!B:B) -> 4 | G504: =_xlfn.XLOOKUP(C504,'Player Stats'!A:A,'Player Stats'!C:C) -> 1.5 | H504: =_xlfn.XLOOKUP(C504,'Player Stats'!A:A,'Player Stats'!D:D) -> 0 | I504: =_xlfn.XLOOKUP(C504,'Player Stats'!A:A,'Player Stats'!E:E) -> 0 | J504: =_xlfn.XLOOKUP(C504,'Player Stats'!A:A,'Player Stats'!F:F) -> 0 | K504: =_xlfn.XLOOKUP(C504,'Player Stats'!A:A,'Player Stats'!G:G) -> 0 | L504: =_xlfn.XLOOKUP(C504,'Player Stats'!A:A,'Player Stats'!H:H) -> 3.75 | M504: =F504*G504 -> 6 | N504: =F504*H504 -> 0 | O504: =F504*I504 -> 0 | P504: =F504*J504 -> 0 | Q504: =F504*K504 -> 0 | R504: =F504*L504 -> 15 | S504: =(M504/D504)*1000000 -> 28.257767 | T504: =(N504/D504)*1000000 -> 0 | U504: =(O504/D504)*1000000 -> 0 | V504: =(P504/D504)*1000000 -> 0 | W504: =(Q504/D504)*1000000 -> 0 | X504: =IF(AND(F504>=20,L504>=15),"Yes","No") -> No
A505: 2025-26 | B505: 1071928 | C505: Mo Bamba | D505: 354128 | E505: Utah Jazz | F505: =_xlfn.XLOOKUP(C505,'Player Stats'!A:A,'Player Stats'!B:B) -> 4 | G505: =_xlfn.XLOOKUP(C505,'Player Stats'!A:A,'Player Stats'!C:C) -> 2.5 | H505: =_xlfn.XLOOKUP(C505,'Player Stats'!A:A,'Player Stats'!D:D) -> 5.5 | I505: =_xlfn.XLOOKUP(C505,'Player Stats'!A:A,'Player Stats'!E:E) -> 0.25 | J505: =_xlfn.XLOOKUP(C505,'Player Stats'!A:A,'Player Stats'!F:F) -> 0 | K505: =_xlfn.XLOOKUP(C505,'Player Stats'!A:A,'Player Stats'!G:G) -> 0.75 | L505: =_xlfn.XLOOKUP(C505,'Player Stats'!A:A,'Player Stats'!H:H) -> 10.95 | M505: =F505*G505 -> 10 | N505: =F505*H505 -> 22 | O505: =F505*I505 -> 1 | P505: =F505*J505 -> 0 | Q505: =F505*K505 -> 3 | R505: =F505*L505 -> 43.8 | S505: =(M505/D505)*1000000 -> 28.238377 | T505: =(N505/D505)*1000000 -> 62.12443 | U505: =(O505/D505)*1000000 -> 2.8238377 | V505: =(P505/D505)*1000000 -> 0 | W505: =(Q505/D505)*1000000 -> 8.4715131 | X505: =IF(AND(F505>=20,L505>=15),"Yes","No") -> No
A506: 2025-26 | B506: 603096 | C506: Anthony Davis | D506: 54126450 | E506: Washington Wizards | F506: =_xlfn.XLOOKUP(C506,'Player Stats'!A:A,'Player Stats'!B:B) -> 20 | G506: =_xlfn.XLOOKUP(C506,'Player Stats'!A:A,'Player Stats'!C:C) -> 20.35 | H506: =_xlfn.XLOOKUP(C506,'Player Stats'!A:A,'Player Stats'!D:D) -> 11.05 | I506: =_xlfn.XLOOKUP(C506,'Player Stats'!A:A,'Player Stats'!E:E) -> 2.8 | J506: =_xlfn.XLOOKUP(C506,'Player Stats'!A:A,'Player Stats'!F:F) -> 1.1 | K506: =_xlfn.XLOOKUP(C506,'Player Stats'!A:A,'Player Stats'!G:G) -> 1.65 | L506: =_xlfn.XLOOKUP(C506,'Player Stats'!A:A,'Player Stats'!H:H) -> 31.281667 | M506: =F506*G506 -> 407 | N506: =F506*H506 -> 221 | O506: =F506*I506 -> 56 | P506: =F506*J506 -> 22 | Q506: =F506*K506 -> 33 | R506: =F506*L506 -> 625.63333 | S506: =(M506/D506)*1000000 -> 7.519429 | T506: =(N506/D506)*1000000 -> 4.0830315 | U506: =(O506/D506)*1000000 -> 1.0346143 | V506: =(P506/D506)*1000000 -> 0.40645562 | W506: =(Q506/D506)*1000000 -> 0.60968344 | X506: =IF(AND(F506>=20,L506>=15),"Yes","No") -> Yes
... A575: 2025-26 | B575: 1243728 | C575: Walker Kessler | D575: 4878938 | E575: Utah Jazz | F575: =_xlfn.XLOOKUP(C575,'Player Stats'!A:A,'Player Stats'!B:B) -> 5 | G575: =_xlfn.XLOOKUP(C575,'Player Stats'!A:A,'Player Stats'!C:C) -> 14.4 | H575: =_xlfn.XLOOKUP(C575,'Player Stats'!A:A,'Player Stats'!D:D) -> 10.8 | I575: =_xlfn.XLOOKUP(C575,'Player Stats'!A:A,'Player Stats'!E:E) -> 3 | J575: =_xlfn.XLOOKUP(C575,'Player Stats'!A:A,'Player Stats'!F:F) -> 1.4 | K575: =_xlfn.XLOOKUP(C575,'Player Stats'!A:A,'Player Stats'!G:G) -> 1.8 | L575: =_xlfn.XLOOKUP(C575,'Player Stats'!A:A,'Player Stats'!H:H) -> 30.796667 | M575: =F575*G575 -> 72 | N575: =F575*H575 -> 54 | O575: =F575*I575 -> 15 | P575: =F575*J575 -> 7 | Q575: =F575*K575 -> 9 | R575: =F575*L575 -> 153.98333 | S575: =(M575/D575)*1000000 -> 14.75731 | T575: =(N575/D575)*1000000 -> 11.067982 | U575: =(O575/D575)*1000000 -> 3.0744396 | V575: =(P575/D575)*1000000 -> 1.4347385 | W575: =(Q575/D575)*1000000 -> 1.8446637 | X575: =IF(AND(F575>=20,L575>=15),"Yes","No") -> No
A576: 2025-26 | C576: Max Shulga | D576: 681847 | E576: Boston Celtics | F576: =_xlfn.XLOOKUP(C576,'Player Stats'!A:A,'Player Stats'!B:B) -> 13 | G576: =_xlfn.XLOOKUP(C576,'Player Stats'!A:A,'Player Stats'!C:C) -> 0.76923077 | H576: =_xlfn.XLOOKUP(C576,'Player Stats'!A:A,'Player Stats'!D:D) -> 0.46153846 | I576: =_xlfn.XLOOKUP(C576,'Player Stats'!A:A,'Player Stats'!E:E) -> 0.15384615 | J576: =_xlfn.XLOOKUP(C576,'Player Stats'!A:A,'Player Stats'!F:F) -> 0.076923077 | K576: =_xlfn.XLOOKUP(C576,'Player Stats'!A:A,'Player Stats'!G:G) -> 0 | L576: =_xlfn.XLOOKUP(C576,'Player Stats'!A:A,'Player Stats'!H:H) -> 3.15 | M576: =F576*G576 -> 10 | N576: =F576*H576 -> 6 | O576: =F576*I576 -> 2 | P576: =F576*J576 -> 1 | Q576: =F576*K576 -> 0 | R576: =F576*L576 -> 40.95 | S576: =(M576/D576)*1000000 -> 14.666047 | T576: =(N576/D576)*1000000 -> 8.7996281 | U576: =(O576/D576)*1000000 -> 2.9332094 | V576: =(P576/D576)*1000000 -> 1.4666047 | W576: =(Q576/D576)*1000000 -> 0 | X576: =IF(AND(F576>=20,L576>=15),"Yes","No") -> No
A577: 2025-26 | B577: 1134175 | C577: Immanuel Quickley | D577: 32500000 | E577: Toronto Raptors | F577: =_xlfn.XLOOKUP(C577,'Player Stats'!A:A,'Player Stats'!B:B) -> 70 | G577: =_xlfn.XLOOKUP(C577,'Player Stats'!A:A,'Player Stats'!C:C) -> 16.428571 | H577: =_xlfn.XLOOKUP(C577,'Player Stats'!A:A,'Player Stats'!D:D) -> 4.0285714 | I577: =_xlfn.XLOOKUP(C577,'Player Stats'!A:A,'Player Stats'!E:E) -> 5.9285714 | J577: =_xlfn.XLOOKUP(C577,'Player Stats'!A:A,'Player Stats'!F:F) -> 1.3142857 | K577: =_xlfn.XLOOKUP(C577,'Player Stats'!A:A,'Player Stats'!G:G) -> 0.071428571 | L577: =_xlfn.XLOOKUP(C577,'Player Stats'!A:A,'Player Stats'!H:H) -> 31.875952 | M577: =F577*G577 -> 1150 | N577: =F577*H577 -> 282 | O577: =F577*I577 -> 415 | P577: =F577*J577 -> 92 | Q577: =F577*K577 -> 5 | R577: =F577*L577 -> 2231.3167 | S577: =(M577/D577)*1000000 -> 35.384615 | T577: =(N577/D577)*1000000 -> 8.6769231 | U577: =(O577/D577)*1000000 -> 12.769231 | V577: =(P577/D577)*1000000 -> 2.8307692 | W577: =(Q577/D577)*1000000 -> 0.15384615 | X577: =IF(AND(F577>=20,L577>=15),"Yes","No") -> Yes
A578: 2025-26 | B578: 1231975 | C578: Johni Broome | D578: 1272870 | E578: Philadelphia 76ers | F578: =_xlfn.XLOOKUP(C578,'Player Stats'!A:A,'Player Stats'!B:B) -> 13 | G578: =_xlfn.XLOOKUP(C578,'Player Stats'!A:A,'Player Stats'!C:C) -> 1.3076923 | H578: =_xlfn.XLOOKUP(C578,'Player Stats'!A:A,'Player Stats'!D:D) -> 1.3846154 | I578: =_xlfn.XLOOKUP(C578,'Player Stats'!A:A,'Player Stats'!E:E) -> 0.38461538 | J578: =_xlfn.XLOOKUP(C578,'Player Stats'!A:A,'Player Stats'!F:F) -> 0.23076923 | K578: =_xlfn.XLOOKUP(C578,'Player Stats'!A:A,'Player Stats'!G:G) -> 0.15384615 | L578: =_xlfn.XLOOKUP(C578,'Player Stats'!A:A,'Player Stats'!H:H) -> 4.8064103 | M578: =F578*G578 -> 17 | N578: =F578*H578 -> 18 | O578: =F578*I578 -> 5 | P578: =F578*J578 -> 3 | Q578: =F578*K578 -> 2 | R578: =F578*L578 -> 62.483333 | S578: =(M578/D578)*1000000 -> 13.355645 | T578: =(N578/D578)*1000000 -> 14.141271 | U578: =(O578/D578)*1000000 -> 3.9281309 | V578: =(P578/D578)*1000000 -> 2.3568786 | W578: =(Q578/D578)*1000000 -> 1.5712524 | X578: =IF(AND(F578>=20,L578>=15),"Yes","No") -> No
A579: 2025-26 | B579: 1065906 | C579: Ja Morant | D579: 39446090 | E579: Memphis Grizzlies | F579: =_xlfn.XLOOKUP(C579,'Player Stats'!A:A,'Player Stats'!B:B) -> 20 | G579: =_xlfn.XLOOKUP(C579,'Player Stats'!A:A,'Player Stats'!C:C) -> 19.45 | H579: =_xlfn.XLOOKUP(C579,'Player Stats'!A:A,'Player Stats'!D:D) -> 3.25 | I579: =_xlfn.XLOOKUP(C579,'Player Stats'!A:A,'Player Stats'!E:E) -> 8.05 | J579: =_xlfn.XLOOKUP(C579,'Player Stats'!A:A,'Player Stats'!F:F) -> 1 | K579: =_xlfn.XLOOKUP(C579,'Player Stats'!A:A,'Player Stats'!G:G) -> 0.3 | L579: =_xlfn.XLOOKUP(C579,'Player Stats'!A:A,'Player Stats'!H:H) -> 28.425 | M579: =F579*G579 -> 389 | N579: =F579*H579 -> 65 | O579: =F579*I579 -> 161 | P579: =F579*J579 -> 20 | Q579: =F579*K579 -> 6 | R579: =F579*L579 -> 568.5 | S579: =(M579/D579)*1000000 -> 9.8615604 | T579: =(N579/D579)*1000000 -> 1.6478186 | U579: =(O579/D579)*1000000 -> 4.0815199 | V579: =(P579/D579)*1000000 -> 0.5070211 | W579: =(Q579/D579)*1000000 -> 0.15210633 | X579: =IF(AND(F579>=20,L579>=15),"Yes","No") -> Yes
A580: 2025-26 | B580: 553306 | C580: Joe Ingles | D580: 3634153 | E580: Minnesota Timberwolves | F580: =_xlfn.XLOOKUP(C580,'Player Stats'!A:A,'Player Stats'!B:B) -> 30 | G580: =_xlfn.XLOOKUP(C580,'Player Stats'!A:A,'Player Stats'!C:C) -> 1.6 | H580: =_xlfn.XLOOKUP(C580,'Player Stats'!A:A,'Player Stats'!D:D) -> 0.7 | I580: =_xlfn.XLOOKUP(C580,'Player Stats'!A:A,'Player Stats'!E:E) -> 1.1333333 | J580: =_xlfn.XLOOKUP(C580,'Player Stats'!A:A,'Player Stats'!F:F) -> 0.36666667 | K580: =_xlfn.XLOOKUP(C580,'Player Stats'!A:A,'Player Stats'!G:G) -> 0.066666667 | L580: =_xlfn.XLOOKUP(C580,'Player Stats'!A:A,'Player Stats'!H:H) -> 5.5433333 | M580: =F580*G580 -> 48 | N580: =F580*H580 -> 21 | O580: =F580*I580 -> 34 | P580: =F580*J580 -> 11 | Q580: =F580*K580 -> 2 | R580: =F580*L580 -> 166.3 | S580: =(M580/D580)*1000000 -> 13.208029 | T580: =(N580/D580)*1000000 -> 5.7785129 | U580: =(O580/D580)*1000000 -> 9.3556876 | V580: =(P580/D580)*1000000 -> 3.0268401 | W580: =(Q580/D580)*1000000 -> 0.55033456 | X580: =IF(AND(F580>=20,L580>=15),"Yes","No") -> No
A581: 2025-26 | B581: 1175120 | C581: James Wiseman | D581: 1000000 | E581: Indiana Pacers | F581: =_xlfn.XLOOKUP(C581,'Player Stats'!A:A,'Player Stats'!B:B) -> 4 | G581: =_xlfn.XLOOKUP(C581,'Player Stats'!A:A,'Player Stats'!C:C) -> 3.25 | H581: =_xlfn.XLOOKUP(C581,'Player Stats'!A:A,'Player Stats'!D:D) -> 2 | I581: =_xlfn.XLOOKUP(C581,'Player Stats'!A:A,'Player Stats'!E:E) -> 0.75 | J581: =_xlfn.XLOOKUP(C581,'Player Stats'!A:A,'Player Stats'!F:F) -> 0 | K581: =_xlfn.XLOOKUP(C581,'Player Stats'!A:A,'Player Stats'!G:G) -> 0.25 | L581: =_xlfn.XLOOKUP(C581,'Player Stats'!A:A,'Player Stats'!H:H) -> 14.6125 | M581: =F581*G581 -> 13 | N581: =F581*H581 -> 8 | O581: =F581*I581 -> 3 | P581: =F581*J581 -> 0 | Q581: =F581*K581 -> 1 | R581: =F581*L581 -> 58.45 | S581: =(M581/D581)*1000000 -> 13 | T581: =(N581/D581)*1000000 -> 8 | U581: =(O581/D581)*1000000 -> 3 | V581: =(P581/D581)*1000000 -> 0 | W581: =(Q581/D581)*1000000 -> 1 | X581: =IF(AND(F581>=20,L581>=15),"Yes","No") -> No
A582: 2025-26 | B582: 229598 | C582: Chris Paul | D582: 3634153 | E582: Toronto Raptors | F582: =_xlfn.XLOOKUP(C582,'Player Stats'!A:A,'Player Stats'!B:B) -> 16 | G582: =_xlfn.XLOOKUP(C582,'Player Stats'!A:A,'Player Stats'!C:C) -> 2.9375 | H582: =_xlfn.XLOOKUP(C582,'Player Stats'!A:A,'Player Stats'!D:D) -> 1.75 | I582: =_xlfn.XLOOKUP(C582,'Player Stats'!A:A,'Player Stats'!E:E) -> 3.3125 | J582: =_xlfn.XLOOKUP(C582,'Player Stats'!A:A,'Player Stats'!F:F) -> 0.6875 | K582: =_xlfn.XLOOKUP(C582,'Player Stats'!A:A,'Player Stats'!G:G) -> 0 | L582: =_xlfn.XLOOKUP(C582,'Player Stats'!A:A,'Player Stats'!H:H) -> 14.221875 | M582: =F582*G582 -> 47 | N582: =F582*H582 -> 28 | O582: =F582*I582 -> 53 | P582: =F582*J582 -> 11 | Q582: =F582*K582 -> 0 | R582: =F582*L582 -> 227.55 | S582: =(M582/D582)*1000000 -> 12.932862 | T582: =(N582/D582)*1000000 -> 7.7046839 | U582: =(O582/D582)*1000000 -> 14.583866 | V582: =(P582/D582)*1000000 -> 3.0268401 | W582: =(Q582/D582)*1000000 -> 0 | X582: =IF(AND(F582>=20,L582>=15),"Yes","No") -> No
A583: 2025-26 | B583: 514882 | C583: Kelly Olynyk | D583: 13445122 | E583: San Antonio Spurs | F583: =_xlfn.XLOOKUP(C583,'Player Stats'!A:A,'Player Stats'!B:B) -> 51 | G583: =_xlfn.XLOOKUP(C583,'Player Stats'!A:A,'Player Stats'!C:C) -> 3.0980392 | H583: =_xlfn.XLOOKUP(C583,'Player Stats'!A:A,'Player Stats'!D:D) -> 1.627451 | I583: =_xlfn.XLOOKUP(C583,'Player Stats'!A:A,'Player Stats'!E:E) -> 1.0196078 | J583: =_xlfn.XLOOKUP(C583,'Player Stats'!A:A,'Player Stats'!F:F) -> 0.37254902 | K583: =_xlfn.XLOOKUP(C583,'Player Stats'!A:A,'Player Stats'!G:G) -> 0.058823529 | L583: =_xlfn.XLOOKUP(C583,'Player Stats'!A:A,'Player Stats'!H:H) -> 7.7506536 | M583: =F583*G583 -> 158 | N583: =F583*H583 -> 83 | O583: =F583*I583 -> 52 | P583: =F583*J583 -> 19 | Q583: =F583*K583 -> 3 | R583: =F583*L583 -> 395.28333 | S583: =(M583/D583)*1000000 -> 11.751474 | T583: =(N583/D583)*1000000 -> 6.1732426 | U583: =(O583/D583)*1000000 -> 3.8675737 | V583: =(P583/D583)*1000000 -> 1.4131519 | W583: =(Q583/D583)*1000000 -> 0.22312925 | X583: =IF(AND(F583>=20,L583>=15),"Yes","No") -> No
A584: 2025-26 | B584: 1406013 | C584: Bobi Klintman | D584: 1955377 | E584: Detroit Pistons | F584: =_xlfn.XLOOKUP(C584,'Player Stats'!A:A,'Player Stats'!B:B) -> 12 | G584: =_xlfn.XLOOKUP(C584,'Player Stats'!A:A,'Player Stats'!C:C) -> 1.8333333 | H584: =_xlfn.XLOOKUP(C584,'Player Stats'!A:A,'Player Stats'!D:D) -> 1.5833333 | I584: =_xlfn.XLOOKUP(C584,'Player Stats'!A:A,'Player Stats'!E:E) -> 0.5 | J584: =_xlfn.XLOOKUP(C584,'Player Stats'!A:A,'Player Stats'!F:F) -> 0.25 | K584: =_xlfn.XLOOKUP(C584,'Player Stats'!A:A,'Player Stats'!G:G) -> 0 | L584: =_xlfn.XLOOKUP(C584,'Player Stats'!A:A,'Player Stats'!H:H) -> 5.9486111 | M584: =F584*G584 -> 22 | N584: =F584*H584 -> 19 | O584: =F584*I584 -> 6 | P584: =F584*J584 -> 3 | Q584: =F584*K584 -> 0 | R584: =F584*L584 -> 71.383333 | S584: =(M584/D584)*1000000 -> 11.251027 | T584: =(N584/D584)*1000000 -> 9.7167963 | U584: =(O584/D584)*1000000 -> 3.068462 | V584: =(P584/D584)*1000000 -> 1.534231 | W584: =(Q584/D584)*1000000 -> 0 | X584: =IF(AND(F584>=20,L584>=15),"Yes","No") -> No
A585: 2025-26 | B585: 1241594 | C585: Vladislav Goldin | D585: 636435 | E585: Miami Heat | F585: =_xlfn.XLOOKUP(C585,'Player Stats'!A:A,'Player Stats'!B:B) -> 9 | G585: =_xlfn.XLOOKUP(C585,'Player Stats'!A:A,'Player Stats'!C:C) -> 0.77777778 | H585: =_xlfn.XLOOKUP(C585,'Player Stats'!A:A,'Player Stats'!D:D) -> 1 | I585: =_xlfn.XLOOKUP(C585,'Player Stats'!A:A,'Player Stats'!E:E) -> 0.33333333 | J585: =_xlfn.XLOOKUP(C585,'Player Stats'!A:A,'Player Stats'!F:F) -> 0 | K585: =_xlfn.XLOOKUP(C585,'Player Stats'!A:A,'Player Stats'!G:G) -> 0.33333333 | L585: =_xlfn.XLOOKUP(C585,'Player Stats'!A:A,'Player Stats'!H:H) -> 2.6611111 | M585: =F585*G585 -> 7 | N585: =F585*H585 -> 9 | O585: =F585*I585 -> 3 | P585: =F585*J585 -> 0 | Q585: =F585*K585 -> 3 | R585: =F585*L585 -> 23.95 | S585: =(M585/D585)*1000000 -> 10.998767 | T585: =(N585/D585)*1000000 -> 14.141271 | U585: =(O585/D585)*1000000 -> 4.7137571 | V585: =(P585/D585)*1000000 -> 0 | W585: =(Q585/D585)*1000000 -> 4.7137571 | X585: =IF(AND(F585>=20,L585>=15),"Yes","No") -> No
A586: 2025-26 | C586: Chris Manon | D586: 636435 | E586: Los Angeles Lakers | F586: =_xlfn.XLOOKUP(C586,'Player Stats'!A:A,'Player Stats'!B:B) -> 9 | G586: =_xlfn.XLOOKUP(C586,'Player Stats'!A:A,'Player Stats'!C:C) -> 0.77777778 | H586: =_xlfn.XLOOKUP(C586,'Player Stats'!A:A,'Player Stats'!D:D) -> 1.1111111 | I586: =_xlfn.XLOOKUP(C586,'Player Stats'!A:A,'Player Stats'!E:E) -> 0.33333333 | J586: =_xlfn.XLOOKUP(C586,'Player Stats'!A:A,'Player Stats'!F:F) -> 0.55555556 | K586: =_xlfn.XLOOKUP(C586,'Player Stats'!A:A,'Player Stats'!G:G) -> 0.22222222 | L586: =_xlfn.XLOOKUP(C586,'Player Stats'!A:A,'Player Stats'!H:H) -> 5.1203704 | M586: =F586*G586 -> 7 | N586: =F586*H586 -> 10 | O586: =F586*I586 -> 3 | P586: =F586*J586 -> 5 | Q586: =F586*K586 -> 2 | R586: =F586*L586 -> 46.083333 | S586: =(M586/D586)*1000000 -> 10.998767 | T586: =(N586/D586)*1000000 -> 15.712524 | U586: =(O586/D586)*1000000 -> 4.7137571 | V586: =(P586/D586)*1000000 -> 7.8562618 | W586: =(Q586/D586)*1000000 -> 3.1425047 | X586: =IF(AND(F586>=20,L586>=15),"Yes","No") -> No
A587: 2025-26 | B587: 1427204 | C587: Alex Toohey | D587: 157640 | E587: Golden State Warriors | F587: =_xlfn.XLOOKUP(C587,'Player Stats'!A:A,'Player Stats'!B:B) -> #N/A | G587: =_xlfn.XLOOKUP(C587,'Player Stats'!A:A,'Player Stats'!C:C) -> #N/A | H587: =_xlfn.XLOOKUP(C587,'Player Stats'!A:A,'Player Stats'!D:D) -> #N/A | I587: =_xlfn.XLOOKUP(C587,'Player Stats'!A:A,'Player Stats'!E:E) -> #N/A | J587: =_xlfn.XLOOKUP(C587,'Player Stats'!A:A,'Player Stats'!F:F) -> #N/A | K587: =_xlfn.XLOOKUP(C587,'Player Stats'!A:A,'Player Stats'!G:G) -> #N/A | L587: =_xlfn.XLOOKUP(C587,'Player Stats'!A:A,'Player Stats'!H:H) -> #N/A | M587: =F587*G587 -> #N/A | N587: =F587*H587 -> #N/A | O587: =F587*I587 -> #N/A | P587: =F587*J587 -> #N/A | Q587: =F587*K587 -> #N/A | R587: =F587*L587 -> #N/A | S587: =(M587/D587)*1000000 -> #N/A | T587: =(N587/D587)*1000000 -> #N/A | U587: =(O587/D587)*1000000 -> #N/A | V587: =(P587/D587)*1000000 -> #N/A | W587: =(Q587/D587)*1000000 -> #N/A | X587: =IF(AND(F587>=20,L587>=15),"Yes","No") -> #N/A
A588: 2025-26 | B588: 1176770 | C588: Orlando Robinson | D588: 636435 | E588: Orlando Magic | F588: =_xlfn.XLOOKUP(C588,'Player Stats'!A:A,'Player Stats'!B:B) -> 4 | G588: =_xlfn.XLOOKUP(C588,'Player Stats'!A:A,'Player Stats'!C:C) -> 1.75 | H588: =_xlfn.XLOOKUP(C588,'Player Stats'!A:A,'Player Stats'!D:D) -> 1 | I588: =_xlfn.XLOOKUP(C588,'Player Stats'!A:A,'Player Stats'!E:E) -> 0.75 | J588: =_xlfn.XLOOKUP(C588,'Player Stats'!A:A,'Player Stats'!F:F) -> 0.25 | K588: =_xlfn.XLOOKUP(C588,'Player Stats'!A:A,'Player Stats'!G:G) -> 0 | L588: =_xlfn.XLOOKUP(C588,'Player Stats'!A:A,'Player Stats'!H:H) -> 6.2041667 | M588: =F588*G588 -> 7 | N588: =F588*H588 -> 4 | O588: =F588*I588 -> 3 | P588: =F588*J588 -> 1 | Q588: =F588*K588 -> 0 | R588: =F588*L588 -> 24.816667 | S588: =(M588/D588)*1000000 -> 10.998767 | T588: =(N588/D588)*1000000 -> 6.2850095 | U588: =(O588/D588)*1000000 -> 4.7137571 | V588: =(P588/D588)*1000000 -> 1.5712524 | W588: =(Q588/D588)*1000000 -> 0 | X588: =IF(AND(F588>=20,L588>=15),"Yes","No") -> No
A589: 2025-26 | B589: 1432174 | C589: Nikola Topic | D589: 5182920 | E589: Oklahoma City Thunder | F589: =_xlfn.XLOOKUP(C589,'Player Stats'!A:A,'Player Stats'!B:B) -> 19 | G589: =_xlfn.XLOOKUP(C589,'Player Stats'!A:A,'Player Stats'!C:C) -> 2.9473684 | H589: =_xlfn.XLOOKUP(C589,'Player Stats'!A:A,'Player Stats'!D:D) -> 1.1052632 | I589: =_xlfn.XLOOKUP(C589,'Player Stats'!A:A,'Player Stats'!E:E) -> 2.4736842 | J589: =_xlfn.XLOOKUP(C589,'Player Stats'!A:A,'Player Stats'!F:F) -> 0.36842105 | K589: =_xlfn.XLOOKUP(C589,'Player Stats'!A:A,'Player Stats'!G:G) -> 0 | L589: =_xlfn.XLOOKUP(C589,'Player Stats'!A:A,'Player Stats'!H:H) -> 9.5833333 | M589: =F589*G589 -> 56 | N589: =F589*H589 -> 21 | O589: =F589*I589 -> 47 | P589: =F589*J589 -> 7 | Q589: =F589*K589 -> 0 | R589: =F589*L589 -> 182.08333 | S589: =(M589/D589)*1000000 -> 10.80472 | T589: =(N589/D589)*1000000 -> 4.05177 | U589: =(O589/D589)*1000000 -> 9.0682472 | V589: =(P589/D589)*1000000 -> 1.35059 | W589: =(Q589/D589)*1000000 -> 0 | X589: =IF(AND(F589>=20,L589>=15),"Yes","No") -> No
A590: 2025-26 | B590: 1134770 | C590: Jules Bernard | D590: 151205 | E590: Minnesota Timberwolves | F590: =_xlfn.XLOOKUP(C590,'Player Stats'!A:A,'Player Stats'!B:B) -> #N/A | G590: =_xlfn.XLOOKUP(C590,'Player Stats'!A:A,'Player Stats'!C:C) -> #N/A | H590: =_xlfn.XLOOKUP(C590,'Player Stats'!A:A,'Player Stats'!D:D) -> #N/A | I590: =_xlfn.XLOOKUP(C590,'Player Stats'!A:A,'Player Stats'!E:E) -> #N/A | J590: =_xlfn.XLOOKUP(C590,'Player Stats'!A:A,'Player Stats'!F:F) -> #N/A | K590: =_xlfn.XLOOKUP(C590,'Player Stats'!A:A,'Player Stats'!G:G) -> #N/A | L590: =_xlfn.XLOOKUP(C590,'Player Stats'!A:A,'Player Stats'!H:H) -> #N/A | M590: =F590*G590 -> #N/A | N590: =F590*H590 -> #N/A | O590: =F590*I590 -> #N/A | P590: =F590*J590 -> #N/A | Q590: =F590*K590 -> #N/A | R590: =F590*L590 -> #N/A | S590: =(M590/D590)*1000000 -> #N/A | T590: =(N590/D590)*1000000 -> #N/A | U590: =(O590/D590)*1000000 -> #N/A | V590: =(P590/D590)*1000000 -> #N/A | W590: =(Q590/D590)*1000000 -> #N/A | X590: =IF(AND(F590>=20,L590>=15),"Yes","No") -> #N/A
A591: 2025-26 | B591: 458730 | C591: Jimmy Butler | D591: 54126450 | E591: Golden State Warriors | F591: =_xlfn.XLOOKUP(C591,'Player Stats'!A:A,'Player Stats'!B:B) -> 38 | G591: =_xlfn.XLOOKUP(C591,'Player Stats'!A:A,'Player Stats'!C:C) -> 20 | H591: =_xlfn.XLOOKUP(C591,'Player Stats'!A:A,'Player Stats'!D:D) -> 5.5526316 | I591: =_xlfn.XLOOKUP(C591,'Player Stats'!A:A,'Player Stats'!E:E) -> 4.8684211 | J591: =_xlfn.XLOOKUP(C591,'Player Stats'!A:A,'Player Stats'!F:F) -> 1.4473684 | K591: =_xlfn.XLOOKUP(C591,'Player Stats'!A:A,'Player Stats'!G:G) -> 0.21052632 | L591: =_xlfn.XLOOKUP(C591,'Player Stats'!A:A,'Player Stats'!H:H) -> 31.09693 | M591: =F591*G591 -> 760 | N591: =F591*H591 -> 211 | O591: =F591*I591 -> 185 | P591: =F591*J591 -> 55 | Q591: =F591*K591 -> 8 | R591: =F591*L591 -> 1181.6833 | S591: =(M591/D591)*1000000 -> 14.041194 | T591: =(N591/D591)*1000000 -> 3.8982789 | U591: =(O591/D591)*1000000 -> 3.4179223 | V591: =(P591/D591)*1000000 -> 1.0161391 | W591: =(Q591/D591)*1000000 -> 0.14780205 | X591: =IF(AND(F591>=20,L591>=15),"Yes","No") -> Yes
A592: 2025-26 | B592: 601514 | C592: Pat Connaughton | D592: 10739683 | E592: Charlotte Hornets | F592: =_xlfn.XLOOKUP(C592,'Player Stats'!A:A,'Player Stats'!B:B) -> 43 | G592: =_xlfn.XLOOKUP(C592,'Player Stats'!A:A,'Player Stats'!C:C) -> 2.6046512 | H592: =_xlfn.XLOOKUP(C592,'Player Stats'!A:A,'Player Stats'!D:D) -> 1.4883721 | I592: =_xlfn.XLOOKUP(C592,'Player Stats'!A:A,'Player Stats'!E:E) -> 0.44186047 | J592: =_xlfn.XLOOKUP(C592,'Player Stats'!A:A,'Player Stats'!F:F) -> 0.25581395 | K592: =_xlfn.XLOOKUP(C592,'Player Stats'!A:A,'Player Stats'!G:G) -> 0.023255814 | L592: =_xlfn.XLOOKUP(C592,'Player Stats'!A:A,'Player Stats'!H:H) -> 7.0294574 | M592: =F592*G592 -> 112 | N592: =F592*H592 -> 64 | O592: =F592*I592 -> 19 | P592: =F592*J592 -> 11 | Q592: =F592*K592 -> 1 | R592: =F592*L592 -> 302.26667 | S592: =(M592/D592)*1000000 -> 10.428613 | T592: =(N592/D592)*1000000 -> 5.9592075 | U592: =(O592/D592)*1000000 -> 1.7691397 | V592: =(P592/D592)*1000000 -> 1.0242388 | W592: =(Q592/D592)*1000000 -> 0.093112618 | X592: =IF(AND(F592>=20,L592>=15),"Yes","No") -> No
A593: 2025-26 | B593: 1076274 | C593: Obi Toppin | D593: 14000000 | E593: Indiana Pacers | F593: =_xlfn.XLOOKUP(C593,'Player Stats'!A:A,'Player Stats'!B:B) -> 24 | G593: =_xlfn.XLOOKUP(C593,'Player Stats'!A:A,'Player Stats'!C:C) -> 11.625 | H593: =_xlfn.XLOOKUP(C593,'Player Stats'!A:A,'Player Stats'!D:D) -> 4.4166667 | I593: =_xlfn.XLOOKUP(C593,'Player Stats'!A:A,'Player Stats'!E:E) -> 2.2916667 | J593: =_xlfn.XLOOKUP(C593,'Player Stats'!A:A,'Player Stats'!F:F) -> 0.5 | K593: =_xlfn.XLOOKUP(C593,'Player Stats'!A:A,'Player Stats'!G:G) -> 0.041666667 | L593: =_xlfn.XLOOKUP(C593,'Player Stats'!A:A,'Player Stats'!H:H) -> 17.655556 | M593: =F593*G593 -> 279 | N593: =F593*H593 -> 106 | O593: =F593*I593 -> 55 | P593: =F593*J593 -> 12 | Q593: =F593*K593 -> 1 | R593: =F593*L593 -> 423.73333 | S593: =(M593/D593)*1000000 -> 19.928571 | T593: =(N593/D593)*1000000 -> 7.5714286 | U593: =(O593/D593)*1000000 -> 3.9285714 | V593: =(P593/D593)*1000000 -> 0.85714286 | W593: =(Q593/D593)*1000000 -> 0.071428571 | X593: =IF(AND(F593>=20,L593>=15),"Yes","No") -> Yes
...

Sheet VORP Data
A1: Player | B1: Clean_Player | C1: Regular_VORP | D1: Playoff_VORP | E1: D = Combined_VORP
A2: Nikola Jokić | B2: =TRIM(SUBSTITUTE(SUBSTITUTE(SUBSTITUTE(SUBSTITUTE(SUBSTITUTE(SUBSTITUTE(SUBSTITUTE(SUBSTITUTE(SUBSTITUTE(SUBSTITUTE(SUBSTITUTE(SUBSTITUTE(SUBSTITUTE(SUBSTITUTE(SUBSTITUTE(SUBSTITUTE(SUBSTITUTE(SUBSTITUTE(SUBSTITUTE(A2,"ć","c"),"č","c"),"š","s"),"Š","S"),"ž","z"),"ñ","n"),"ü","u"),"í","i"),"é","e"),"ó","o"),"á","a"),"ņ","n"),"ģ","g"),"Ş","S"),"ş","s"),"ū","u"),"ë","e"),"ö","o"),"ä","a")) -> Nikola Jokic | C2: 9.2 | D2: =_xlfn.XLOOKUP(A2,'Playoff VORP'!A:A,'Playoff VORP'!B:B,0) -> 0.6 | E2: =C2+D2 -> 9.8 | F2: =IF(COUNTIF(Analysis!$C:$C,B2)>0,"Matched","NO MATCH") -> Matched
A3: Shai Gilgeous-Alexander | B3: =TRIM(SUBSTITUTE(SUBSTITUTE(SUBSTITUTE(SUBSTITUTE(SUBSTITUTE(SUBSTITUTE(SUBSTITUTE(SUBSTITUTE(SUBSTITUTE(SUBSTITUTE(SUBSTITUTE(SUBSTITUTE(SUBSTITUTE(SUBSTITUTE(SUBSTITUTE(SUBSTITUTE(SUBSTITUTE(SUBSTITUTE(SUBSTITUTE(A3,"ć","c"),"č","c"),"š","s"),"Š","S"),"ž","z"),"ñ","n"),"ü","u"),"í","i"),"é","e"),"ó","o"),"á","a"),"ņ","n"),"ģ","g"),"Ş","S"),"ş","s"),"ū","u"),"ë","e"),"ö","o"),"ä","a")) -> Shai Gilgeous-Alexander | C3: 7.8 | D3: =_xlfn.XLOOKUP(A3,'Playoff VORP'!A:A,'Playoff VORP'!B:B,0) -> 1.2 | E3: =C3+D3 -> 9 | F3: =IF(COUNTIF(Analysis!$C:$C,B3)>0,"Matched","NO MATCH") -> Matched
A4: Luka Dončić | B4: =TRIM(SUBSTITUTE(SUBSTITUTE(SUBSTITUTE(SUBSTITUTE(SUBSTITUTE(SUBSTITUTE(SUBSTITUTE(SUBSTITUTE(SUBSTITUTE(SUBSTITUTE(SUBSTITUTE(SUBSTITUTE(SUBSTITUTE(SUBSTITUTE(SUBSTITUTE(SUBSTITUTE(SUBSTITUTE(SUBSTITUTE(SUBSTITUTE(A4,"ć","c"),"č","c"),"š","s"),"Š","S"),"ž","z"),"ñ","n"),"ü","u"),"í","i"),"é","e"),"ó","o"),"á","a"),"ņ","n"),"ģ","g"),"Ş","S"),"ş","s"),"ū","u"),"ë","e"),"ö","o"),"ä","a")) -> Luka Doncic | C4: 6.6 | D4: =_xlfn.XLOOKUP(A4,'Playoff VORP'!A:A,'Playoff VORP'!B:B,0) -> 0 | E4: =C4+D4 -> 6.6 | F4: =IF(COUNTIF(Analysis!$C:$C,B4)>0,"Matched","NO MATCH") -> Matched
A5: Victor Wembanyama | B5: =TRIM(SUBSTITUTE(SUBSTITUTE(SUBSTITUTE(SUBSTITUTE(SUBSTITUTE(SUBSTITUTE(SUBSTITUTE(SUBSTITUTE(SUBSTITUTE(SUBSTITUTE(SUBSTITUTE(SUBSTITUTE(SUBSTITUTE(SUBSTITUTE(SUBSTITUTE(SUBSTITUTE(SUBSTITUTE(SUBSTITUTE(SUBSTITUTE(A5,"ć","c"),"č","c"),"š","s"),"Š","S"),"ž","z"),"ñ","n"),"ü","u"),"í","i"),"é","e"),"ó","o"),"á","a"),"ņ","n"),"ģ","g"),"Ş","S"),"ş","s"),"ū","u"),"ë","e"),"ö","o"),"ä","a")) -> Victor Wembanyama | C5: 6 | D5: =_xlfn.XLOOKUP(A5,'Playoff VORP'!A:A,'Playoff VORP'!B:B,0) -> 2 | E5: =C5+D5 -> 8 | F5: =IF(COUNTIF(Analysis!$C:$C,B5)>0,"Matched","NO MATCH") -> Matched
A6: Kawhi Leonard | B6: =TRIM(SUBSTITUTE(SUBSTITUTE(SUBSTITUTE(SUBSTITUTE(SUBSTITUTE(SUBSTITUTE(SUBSTITUTE(SUBSTITUTE(SUBSTITUTE(SUBSTITUTE(SUBSTITUTE(SUBSTITUTE(SUBSTITUTE(SUBSTITUTE(SUBSTITUTE(SUBSTITUTE(SUBSTITUTE(SUBSTITUTE(SUBSTITUTE(A6,"ć","c"),"č","c"),"š","s"),"Š","S"),"ž","z"),"ñ","n"),"ü","u"),"í","i"),"é","e"),"ó","o"),"á","a"),"ņ","n"),"ģ","g"),"Ş","S"),"ş","s"),"ū","u"),"ë","e"),"ö","o"),"ä","a")) -> Kawhi Leonard | C6: 5.3 | D6: =_xlfn.XLOOKUP(A6,'Playoff VORP'!A:A,'Playoff VORP'!B:B,0) -> 0 | E6: =C6+D6 -> 5.3 | F6: =IF(COUNTIF(Analysis!$C:$C,B6)>0,"Matched","NO MATCH") -> Matched
A7: Tyrese Maxey | B7: =TRIM(SUBSTITUTE(SUBSTITUTE(SUBSTITUTE(SUBSTITUTE(SUBSTITUTE(SUBSTITUTE(SUBSTITUTE(SUBSTITUTE(SUBSTITUTE(SUBSTITUTE(SUBSTITUTE(SUBSTITUTE(SUBSTITUTE(SUBSTITUTE(SUBSTITUTE(SUBSTITUTE(SUBSTITUTE(SUBSTITUTE(SUBSTITUTE(A7,"ć","c"),"č","c"),"š","s"),"Š","S"),"ž","z"),"ñ","n"),"ü","u"),"í","i"),"é","e"),"ó","o"),"á","a"),"ņ","n"),"ģ","g"),"Ş","S"),"ş","s"),"ū","u"),"ë","e"),"ö","o"),"ä","a")) -> Tyrese Maxey | C7: 4.9 | D7: =_xlfn.XLOOKUP(A7,'Playoff VORP'!A:A,'Playoff VORP'!B:B,0) -> 0.5 | E7: =C7+D7 -> 5.4 | F7: =IF(COUNTIF(Analysis!$C:$C,B7)>0,"Matched","NO MATCH") -> Matched
A8: Kevin Durant | B8: =TRIM(SUBSTITUTE(SUBSTITUTE(SUBSTITUTE(SUBSTITUTE(SUBSTITUTE(SUBSTITUTE(SUBSTITUTE(SUBSTITUTE(SUBSTITUTE(SUBSTITUTE(SUBSTITUTE(SUBSTITUTE(SUBSTITUTE(SUBSTITUTE(SUBSTITUTE(SUBSTITUTE(SUBSTITUTE(SUBSTITUTE(SUBSTITUTE(A8,"ć","c"),"č","c"),"š","s"),"Š","S"),"ž","z"),"ñ","n"),"ü","u"),"í","i"),"é","e"),"ó","o"),"á","a"),"ņ","n"),"ģ","g"),"Ş","S"),"ş","s"),"ū","u"),"ë","e"),"ö","o"),"ä","a")) -> Kevin Durant | C8: 4.7 | D8: =_xlfn.XLOOKUP(A8,'Playoff VORP'!A:A,'Playoff VORP'!B:B,0) -> 0 | E8: =C8+D8 -> 4.7 | F8: =IF(COUNTIF(Analysis!$C:$C,B8)>0,"Matched","NO MATCH") -> Matched
A9: Cade Cunningham | B9: =TRIM(SUBSTITUTE(SUBSTITUTE(SUBSTITUTE(SUBSTITUTE(SUBSTITUTE(SUBSTITUTE(SUBSTITUTE(SUBSTITUTE(SUBSTITUTE(SUBSTITUTE(SUBSTITUTE(SUBSTITUTE(SUBSTITUTE(SUBSTITUTE(SUBSTITUTE(SUBSTITUTE(SUBSTITUTE(SUBSTITUTE(SUBSTITUTE(A9,"ć","c"),"č","c"),"š","s"),"Š","S"),"ž","z"),"ñ","n"),"ü","u"),"í","i"),"é","e"),"ó","o"),"á","a"),"ņ","n"),"ģ","g"),"Ş","S"),"ş","s"),"ū","u"),"ë","e"),"ö","o"),"ä","a")) -> Cade Cunningham | C9: 4.6 | D9: =_xlfn.XLOOKUP(A9,'Playoff VORP'!A:A,'Playoff VORP'!B:B,0) -> 0.8 | E9: =C9+D9 -> 5.4 | F9: =IF(COUNTIF(Analysis!$C:$C,B9)>0,"Matched","NO MATCH") -> Matched
A10: Donovan Mitchell | B10: =TRIM(SUBSTITUTE(SUBSTITUTE(SUBSTITUTE(SUBSTITUTE(SUBSTITUTE(SUBSTITUTE(SUBSTITUTE(SUBSTITUTE(SUBSTITUTE(SUBSTITUTE(SUBSTITUTE(SUBSTITUTE(SUBSTITUTE(SUBSTITUTE(SUBSTITUTE(SUBSTITUTE(SUBSTITUTE(SUBSTITUTE(SUBSTITUTE(A10,"ć","c"),"č","c"),"š","s"),"Š","S"),"ž","z"),"ñ","n"),"ü","u"),"í","i"),"é","e"),"ó","o"),"á","a"),"ņ","n"),"ģ","g"),"Ş","S"),"ş","s"),"ū","u"),"ë","e"),"ö","o"),"ä","a")) -> Donovan Mitchell | C10: 4.2 | D10: =_xlfn.XLOOKUP(A10,'Playoff VORP'!A:A,'Playoff VORP'!B:B,0) -> 0.7 | E10: =C10+D10 -> 4.9 | F10: =IF(COUNTIF(Analysis!$C:$C,B10)>0,"Matched","NO MATCH") -> Matched
A11: Scottie Barnes | B11: =TRIM(SUBSTITUTE(SUBSTITUTE(SUBSTITUTE(SUBSTITUTE(SUBSTITUTE(SUBSTITUTE(SUBSTITUTE(SUBSTITUTE(SUBSTITUTE(SUBSTITUTE(SUBSTITUTE(SUBSTITUTE(SUBSTITUTE(SUBSTITUTE(SUBSTITUTE(SUBSTITUTE(SUBSTITUTE(SUBSTITUTE(SUBSTITUTE(A11,"ć","c"),"č","c"),"š","s"),"Š","S"),"ž","z"),"ñ","n"),"ü","u"),"í","i"),"é","e"),"ó","o"),"á","a"),"ņ","n"),"ģ","g"),"Ş","S"),"ş","s"),"ū","u"),"ë","e"),"ö","o"),"ä","a")) -> Scottie Barnes | C11: 4.2 | D11: =_xlfn.XLOOKUP(A11,'Playoff VORP'!A:A,'Playoff VORP'!B:B,0) -> 0.7 | E11: =C11+D11 -> 4.9 | F11: =IF(COUNTIF(Analysis!$C:$C,B11)>0,"Matched","NO MATCH") -> Matched
A12: Jamal Murray | B12: =TRIM(SUBSTITUTE(SUBSTITUTE(SUBSTITUTE(SUBSTITUTE(SUBSTITUTE(SUBSTITUTE(SUBSTITUTE(SUBSTITUTE(SUBSTITUTE(SUBSTITUTE(SUBSTITUTE(SUBSTITUTE(SUBSTITUTE(SUBSTITUTE(SUBSTITUTE(SUBSTITUTE(SUBSTITUTE(SUBSTITUTE(SUBSTITUTE(A12,"ć","c"),"č","c"),"š","s"),"Š","S"),"ž","z"),"ñ","n"),"ü","u"),"í","i"),"é","e"),"ó","o"),"á","a"),"ņ","n"),"ģ","g"),"Ş","S"),"ş","s"),"ū","u"),"ë","e"),"ö","o"),"ä","a")) -> Jamal Murray | C12: 4.1 | D12: =_xlfn.XLOOKUP(A12,'Playoff VORP'!A:A,'Playoff VORP'!B:B,0) -> 0.1 | E12: =C12+D12 -> 4.2 | F12: =IF(COUNTIF(Analysis!$C:$C,B12)>0,"Matched","NO MATCH") -> Matched
A13: Jalen Johnson | B13: =TRIM(SUBSTITUTE(SUBSTITUTE(SUBSTITUTE(SUBSTITUTE(SUBSTITUTE(SUBSTITUTE(SUBSTITUTE(SUBSTITUTE(SUBSTITUTE(SUBSTITUTE(SUBSTITUTE(SUBSTITUTE(SUBSTITUTE(SUBSTITUTE(SUBSTITUTE(SUBSTITUTE(SUBSTITUTE(SUBSTITUTE(SUBSTITUTE(A13,"ć","c"),"č","c"),"š","s"),"Š","S"),"ž","z"),"ñ","n"),"ü","u"),"í","i"),"é","e"),"ó","o"),"á","a"),"ņ","n"),"ģ","g"),"Ş","S"),"ş","s"),"ū","u"),"ë","e"),"ö","o"),"ä","a")) -> Jalen Johnson | C13: 4 | D13: =_xlfn.XLOOKUP(A13,'Playoff VORP'!A:A,'Playoff VORP'!B:B,0) -> 0.2 | E13: =C13+D13 -> 4.2 | F13: =IF(COUNTIF(Analysis!$C:$C,B13)>0,"Matched","NO MATCH") -> Matched
... A96: Ryan Kalkbrenner | B96: =TRIM(SUBSTITUTE(SUBSTITUTE(SUBSTITUTE(SUBSTITUTE(SUBSTITUTE(SUBSTITUTE(SUBSTITUTE(SUBSTITUTE(SUBSTITUTE(SUBSTITUTE(SUBSTITUTE(SUBSTITUTE(SUBSTITUTE(SUBSTITUTE(SUBSTITUTE(SUBSTITUTE(SUBSTITUTE(SUBSTITUTE(SUBSTITUTE(A96,"ć","c"),"č","c"),"š","s"),"Š","S"),"ž","z"),"ñ","n"),"ü","u"),"í","i"),"é","e"),"ó","o"),"á","a"),"ņ","n"),"ģ","g"),"Ş","S"),"ş","s"),"ū","u"),"ë","e"),"ö","o"),"ä","a")) -> Ryan Kalkbrenner | C96: 1.4 | D96: =_xlfn.XLOOKUP(A96,'Playoff VORP'!A:A,'Playoff VORP'!B:B,0) -> 0 | E96: =C96+D96 -> 1.4 | F96: =IF(COUNTIF(Analysis!$C:$C,B96)>0,"Matched","NO MATCH") -> Matched
A97: Nic Claxton | B97: Nicolas Claxton | C97: 1.4 | D97: =_xlfn.XLOOKUP(A97,'Playoff VORP'!A:A,'Playoff VORP'!B:B,0) -> 0 | E97: =C97+D97 -> 1.4 | F97: =IF(COUNTIF(Analysis!$C:$C,B97)>0,"Matched","NO MATCH") -> Matched
A98: Pascal Siakam | B98: =TRIM(SUBSTITUTE(SUBSTITUTE(SUBSTITUTE(SUBSTITUTE(SUBSTITUTE(SUBSTITUTE(SUBSTITUTE(SUBSTITUTE(SUBSTITUTE(SUBSTITUTE(SUBSTITUTE(SUBSTITUTE(SUBSTITUTE(SUBSTITUTE(SUBSTITUTE(SUBSTITUTE(SUBSTITUTE(SUBSTITUTE(SUBSTITUTE(A98,"ć","c"),"č","c"),"š","s"),"Š","S"),"ž","z"),"ñ","n"),"ü","u"),"í","i"),"é","e"),"ó","o"),"á","a"),"ņ","n"),"ģ","g"),"Ş","S"),"ş","s"),"ū","u"),"ë","e"),"ö","o"),"ä","a")) -> Pascal Siakam | C98: 1.4 | D98: =_xlfn.XLOOKUP(A98,'Playoff VORP'!A:A,'Playoff VORP'!B:B,0) -> 0 | E98: =C98+D98 -> 1.4 | F98: =IF(COUNTIF(Analysis!$C:$C,B98)>0,"Matched","NO MATCH") -> Matched
A99: Keldon Johnson | B99: =TRIM(SUBSTITUTE(SUBSTITUTE(SUBSTITUTE(SUBSTITUTE(SUBSTITUTE(SUBSTITUTE(SUBSTITUTE(SUBSTITUTE(SUBSTITUTE(SUBSTITUTE(SUBSTITUTE(SUBSTITUTE(SUBSTITUTE(SUBSTITUTE(SUBSTITUTE(SUBSTITUTE(SUBSTITUTE(SUBSTITUTE(SUBSTITUTE(A99,"ć","c"),"č","c"),"š","s"),"Š","S"),"ž","z"),"ñ","n"),"ü","u"),"í","i"),"é","e"),"ó","o"),"á","a"),"ņ","n"),"ģ","g"),"Ş","S"),"ş","s"),"ū","u"),"ë","e"),"ö","o"),"ä","a")) -> Keldon Johnson | C99: 1.4 | D99: =_xlfn.XLOOKUP(A99,'Playoff VORP'!A:A,'Playoff VORP'!B:B,0) -> -0.1 | E99: =C99+D99 -> 1.3 | F99: =IF(COUNTIF(Analysis!$C:$C,B99)>0,"Matched","NO MATCH") -> Matched
A100: Dylan Harper | B100: =TRIM(SUBSTITUTE(SUBSTITUTE(SUBSTITUTE(SUBSTITUTE(SUBSTITUTE(SUBSTITUTE(SUBSTITUTE(SUBSTITUTE(SUBSTITUTE(SUBSTITUTE(SUBSTITUTE(SUBSTITUTE(SUBSTITUTE(SUBSTITUTE(SUBSTITUTE(SUBSTITUTE(SUBSTITUTE(SUBSTITUTE(SUBSTITUTE(A100,"ć","c"),"č","c"),"š","s"),"Š","S"),"ž","z"),"ñ","n"),"ü","u"),"í","i"),"é","e"),"ó","o"),"á","a"),"ņ","n"),"ģ","g"),"Ş","S"),"ş","s"),"ū","u"),"ë","e"),"ö","o"),"ä","a")) -> Dylan Harper | C100: 1.3 | D100: =_xlfn.XLOOKUP(A100,'Playoff VORP'!A:A,'Playoff VORP'!B:B,0) -> 0.9 | E100: =C100+D100 -> 2.2 | F100: =IF(COUNTIF(Analysis!$C:$C,B100)>0,"Matched","NO MATCH") -> Matched
A101: Ryan Rollins | B101: =TRIM(SUBSTITUTE(SUBSTITUTE(SUBSTITUTE(SUBSTITUTE(SUBSTITUTE(SUBSTITUTE(SUBSTITUTE(SUBSTITUTE(SUBSTITUTE(SUBSTITUTE(SUBSTITUTE(SUBSTITUTE(SUBSTITUTE(SUBSTITUTE(SUBSTITUTE(SUBSTITUTE(SUBSTITUTE(SUBSTITUTE(SUBSTITUTE(A101,"ć","c"),"č","c"),"š","s"),"Š","S"),"ž","z"),"ñ","n"),"ü","u"),"í","i"),"é","e"),"ó","o"),"á","a"),"ņ","n"),"ģ","g"),"Ş","S"),"ş","s"),"ū","u"),"ë","e"),"ö","o"),"ä","a")) -> Ryan Rollins | C101: 1.3 | D101: =_xlfn.XLOOKUP(A101,'Playoff VORP'!A:A,'Playoff VORP'!B:B,0) -> 0 | E101: =C101+D101 -> 1.3 | F101: =IF(COUNTIF(Analysis!$C:$C,B101)>0,"Matched","NO MATCH") -> Matched
A102: Keyonte George | B102: =TRIM(SUBSTITUTE(SUBSTITUTE(SUBSTITUTE(SUBSTITUTE(SUBSTITUTE(SUBSTITUTE(SUBSTITUTE(SUBSTITUTE(SUBSTITUTE(SUBSTITUTE(SUBSTITUTE(SUBSTITUTE(SUBSTITUTE(SUBSTITUTE(SUBSTITUTE(SUBSTITUTE(SUBSTITUTE(SUBSTITUTE(SUBSTITUTE(A102,"ć","c"),"č","c"),"š","s"),"Š","S"),"ž","z"),"ñ","n"),"ü","u"),"í","i"),"é","e"),"ó","o"),"á","a"),"ņ","n"),"ģ","g"),"Ş","S"),"ş","s"),"ū","u"),"ë","e"),"ö","o"),"ä","a")) -> Keyonte George | C102: 1.3 | D102: =_xlfn.XLOOKUP(A102,'Playoff VORP'!A:A,'Playoff VORP'!B:B,0) -> 0 | E102: =C102+D102 -> 1.3 | F102: =IF(COUNTIF(Analysis!$C:$C,B102)>0,"Matched","NO MATCH") -> Matched
A103: Kevin Porter Jr. | B103: =TRIM(SUBSTITUTE(SUBSTITUTE(SUBSTITUTE(SUBSTITUTE(SUBSTITUTE(SUBSTITUTE(SUBSTITUTE(SUBSTITUTE(SUBSTITUTE(SUBSTITUTE(SUBSTITUTE(SUBSTITUTE(SUBSTITUTE(SUBSTITUTE(SUBSTITUTE(SUBSTITUTE(SUBSTITUTE(SUBSTITUTE(SUBSTITUTE(A103,"ć","c"),"č","c"),"š","s"),"Š","S"),"ž","z"),"ñ","n"),"ü","u"),"í","i"),"é","e"),"ó","o"),"á","a"),"ņ","n"),"ģ","g"),"Ş","S"),"ş","s"),"ū","u"),"ë","e"),"ö","o"),"ä","a")) -> Kevin Porter Jr. | C103: 1.3 | D103: =_xlfn.XLOOKUP(A103,'Playoff VORP'!A:A,'Playoff VORP'!B:B,0) -> 0 | E103: =C103+D103 -> 1.3 | F103: =IF(COUNTIF(Analysis!$C:$C,B103)>0,"Matched","NO MATCH") -> Matched
A104: Devin Vassell | B104: =TRIM(SUBSTITUTE(SUBSTITUTE(SUBSTITUTE(SUBSTITUTE(SUBSTITUTE(SUBSTITUTE(SUBSTITUTE(SUBSTITUTE(SUBSTITUTE(SUBSTITUTE(SUBSTITUTE(SUBSTITUTE(SUBSTITUTE(SUBSTITUTE(SUBSTITUTE(SUBSTITUTE(SUBSTITUTE(SUBSTITUTE(SUBSTITUTE(A104,"ć","c"),"č","c"),"š","s"),"Š","S"),"ž","z"),"ñ","n"),"ü","u"),"í","i"),"é","e"),"ó","o"),"á","a"),"ņ","n"),"ģ","g"),"Ş","S"),"ş","s"),"ū","u"),"ë","e"),"ö","o"),"ä","a")) -> Devin Vassell | C104: 1.3 | D104: =_xlfn.XLOOKUP(A104,'Playoff VORP'!A:A,'Playoff VORP'!B:B,0) -> 1.1 | E104: =C104+D104 -> 2.4 | F104: =IF(COUNTIF(Analysis!$C:$C,B104)>0,"Matched","NO MATCH") -> Matched
A105: Brandin Podziemski | B105: =TRIM(SUBSTITUTE(SUBSTITUTE(SUBSTITUTE(SUBSTITUTE(SUBSTITUTE(SUBSTITUTE(SUBSTITUTE(SUBSTITUTE(SUBSTITUTE(SUBSTITUTE(SUBSTITUTE(SUBSTITUTE(SUBSTITUTE(SUBSTITUTE(SUBSTITUTE(SUBSTITUTE(SUBSTITUTE(SUBSTITUTE(SUBSTITUTE(A105,"ć","c"),"č","c"),"š","s"),"Š","S"),"ž","z"),"ñ","n"),"ü","u"),"í","i"),"é","e"),"ó","o"),"á","a"),"ņ","n"),"ģ","g"),"Ş","S"),"ş","s"),"ū","u"),"ë","e"),"ö","o"),"ä","a")) -> Brandin Podziemski | C105: 1.3 | D105: =_xlfn.XLOOKUP(A105,'Playoff VORP'!A:A,'Playoff VORP'!B:B,0) -> 0 | E105: =C105+D105 -> 1.3 | F105: =IF(COUNTIF(Analysis!$C:$C,B105)>0,"Matched","NO MATCH") -> Matched
A106: Sam Hauser | B106: =TRIM(SUBSTITUTE(SUBSTITUTE(SUBSTITUTE(SUBSTITUTE(SUBSTITUTE(SUBSTITUTE(SUBSTITUTE(SUBSTITUTE(SUBSTITUTE(SUBSTITUTE(SUBSTITUTE(SUBSTITUTE(SUBSTITUTE(SUBSTITUTE(SUBSTITUTE(SUBSTITUTE(SUBSTITUTE(SUBSTITUTE(SUBSTITUTE(A106,"ć","c"),"č","c"),"š","s"),"Š","S"),"ž","z"),"ñ","n"),"ü","u"),"í","i"),"é","e"),"ó","o"),"á","a"),"ņ","n"),"ģ","g"),"Ş","S"),"ş","s"),"ū","u"),"ë","e"),"ö","o"),"ä","a")) -> Sam Hauser | C106: 1.3 | D106: =_xlfn.XLOOKUP(A106,'Playoff VORP'!A:A,'Playoff VORP'!B:B,0) -> 0.1 | E106: =C106+D106 -> 1.4 | F106: =IF(COUNTIF(Analysis!$C:$C,B106)>0,"Matched","NO MATCH") -> Matched
A107: Luka Garza | B107: =TRIM(SUBSTITUTE(SUBSTITUTE(SUBSTITUTE(SUBSTITUTE(SUBSTITUTE(SUBSTITUTE(SUBSTITUTE(SUBSTITUTE(SUBSTITUTE(SUBSTITUTE(SUBSTITUTE(SUBSTITUTE(SUBSTITUTE(SUBSTITUTE(SUBSTITUTE(SUBSTITUTE(SUBSTITUTE(SUBSTITUTE(SUBSTITUTE(A107,"ć","c"),"č","c"),"š","s"),"Š","S"),"ž","z"),"ñ","n"),"ü","u"),"í","i"),"é","e"),"ó","o"),"á","a"),"ņ","n"),"ģ","g"),"Ş","S"),"ş","s"),"ū","u"),"ë","e"),"ö","o"),"ä","a")) -> Luka Garza | C107: 1.2 | D107: =_xlfn.XLOOKUP(A107,'Playoff VORP'!A:A,'Playoff VORP'!B:B,0) -> 0.1 | E107: =C107+D107 -> 1.3 | F107: =IF(COUNTIF(Analysis!$C:$C,B107)>0,"Matched","NO MATCH") -> Matched
A108: Dru Smith | B108: =TRIM(SUBSTITUTE(SUBSTITUTE(SUBSTITUTE(SUBSTITUTE(SUBSTITUTE(SUBSTITUTE(SUBSTITUTE(SUBSTITUTE(SUBSTITUTE(SUBSTITUTE(SUBSTITUTE(SUBSTITUTE(SUBSTITUTE(SUBSTITUTE(SUBSTITUTE(SUBSTITUTE(SUBSTITUTE(SUBSTITUTE(SUBSTITUTE(A108,"ć","c"),"č","c"),"š","s"),"Š","S"),"ž","z"),"ñ","n"),"ü","u"),"í","i"),"é","e"),"ó","o"),"á","a"),"ņ","n"),"ģ","g"),"Ş","S"),"ş","s"),"ū","u"),"ë","e"),"ö","o"),"ä","a")) -> Dru Smith | C108: 1.2 | D108: =_xlfn.XLOOKUP(A108,'Playoff VORP'!A:A,'Playoff VORP'!B:B,0) -> 0 | E108: =C108+D108 -> 1.2 | F108: =IF(COUNTIF(Analysis!$C:$C,B108)>0,"Matched","NO MATCH") -> NO MATCH
A109: Goga Bitadze | B109: =TRIM(SUBSTITUTE(SUBSTITUTE(SUBSTITUTE(SUBSTITUTE(SUBSTITUTE(SUBSTITUTE(SUBSTITUTE(SUBSTITUTE(SUBSTITUTE(SUBSTITUTE(SUBSTITUTE(SUBSTITUTE(SUBSTITUTE(SUBSTITUTE(SUBSTITUTE(SUBSTITUTE(SUBSTITUTE(SUBSTITUTE(SUBSTITUTE(A109,"ć","c"),"č","c"),"š","s"),"Š","S"),"ž","z"),"ñ","n"),"ü","u"),"í","i"),"é","e"),"ó","o"),"á","a"),"ņ","n"),"ģ","g"),"Ş","S"),"ş","s"),"ū","u"),"ë","e"),"ö","o"),"ä","a")) -> Goga Bitadze | C109: 1.2 | D109: =_xlfn.XLOOKUP(A109,'Playoff VORP'!A:A,'Playoff VORP'!B:B,0) -> 0 | E109: =C109+D109 -> 1.2 | F109: =IF(COUNTIF(Analysis!$C:$C,B109)>0,"Matched","NO MATCH") -> Matched
... A114: Gary Payton II | B114: =TRIM(SUBSTITUTE(SUBSTITUTE(SUBSTITUTE(SUBSTITUTE(SUBSTITUTE(SUBSTITUTE(SUBSTITUTE(SUBSTITUTE(SUBSTITUTE(SUBSTITUTE(SUBSTITUTE(SUBSTITUTE(SUBSTITUTE(SUBSTITUTE(SUBSTITUTE(SUBSTITUTE(SUBSTITUTE(SUBSTITUTE(SUBSTITUTE(A114,"ć","c"),"č","c"),"š","s"),"Š","S"),"ž","z"),"ñ","n"),"ü","u"),"í","i"),"é","e"),"ó","o"),"á","a"),"ņ","n"),"ģ","g"),"Ş","S"),"ş","s"),"ū","u"),"ë","e"),"ö","o"),"ä","a")) -> Gary Payton II | C114: 1.1 | D114: =_xlfn.XLOOKUP(A114,'Playoff VORP'!A:A,'Playoff VORP'!B:B,0) -> 0 | E114: =C114+D114 -> 1.1 | F114: =IF(COUNTIF(Analysis!$C:$C,B114)>0,"Matched","NO MATCH") -> NO MATCH
A115: Santi Aldama | B115: Santiago Aldama | C115: 1.1 | D115: =_xlfn.XLOOKUP(A115,'Playoff VORP'!A:A,'Playoff VORP'!B:B,0) -> 0 | E115: =C115+D115 -> 1.1 | F115: =IF(COUNTIF(Analysis!$C:$C,B115)>0,"Matched","NO MATCH") -> Matched
A116: T.J. McConnell | B116: =TRIM(SUBSTITUTE(SUBSTITUTE(SUBSTITUTE(SUBSTITUTE(SUBSTITUTE(SUBSTITUTE(SUBSTITUTE(SUBSTITUTE(SUBSTITUTE(SUBSTITUTE(SUBSTITUTE(SUBSTITUTE(SUBSTITUTE(SUBSTITUTE(SUBSTITUTE(SUBSTITUTE(SUBSTITUTE(SUBSTITUTE(SUBSTITUTE(A116,"ć","c"),"č","c"),"š","s"),"Š","S"),"ž","z"),"ñ","n"),"ü","u"),"í","i"),"é","e"),"ó","o"),"á","a"),"ņ","n"),"ģ","g"),"Ş","S"),"ş","s"),"ū","u"),"ë","e"),"ö","o"),"ä","a")) -> T.J. McConnell | C116: 1.1 | D116: =_xlfn.XLOOKUP(A116,'Playoff VORP'!A:A,'Playoff VORP'!B:B,0) -> 0 | E116: =C116+D116 -> 1.1 | F116: =IF(COUNTIF(Analysis!$C:$C,B116)>0,"Matched","NO MATCH") -> Matched
A117: Bones Hyland | B117: =TRIM(SUBSTITUTE(SUBSTITUTE(SUBSTITUTE(SUBSTITUTE(SUBSTITUTE(SUBSTITUTE(SUBSTITUTE(SUBSTITUTE(SUBSTITUTE(SUBSTITUTE(SUBSTITUTE(SUBSTITUTE(SUBSTITUTE(SUBSTITUTE(SUBSTITUTE(SUBSTITUTE(SUBSTITUTE(SUBSTITUTE(SUBSTITUTE(A117,"ć","c"),"č","c"),"š","s"),"Š","S"),"ž","z"),"ñ","n"),"ü","u"),"í","i"),"é","e"),"ó","o"),"á","a"),"ņ","n"),"ģ","g"),"Ş","S"),"ş","s"),"ū","u"),"ë","e"),"ö","o"),"ä","a")) -> Bones Hyland | C117: 1.1 | D117: =_xlfn.XLOOKUP(A117,'Playoff VORP'!A:A,'Playoff VORP'!B:B,0) -> 0 | E117: =C117+D117 -> 1.1 | F117: =IF(COUNTIF(Analysis!$C:$C,B117)>0,"Matched","NO MATCH") -> NO MATCH
A118: Paul George | B118: =TRIM(SUBSTITUTE(SUBSTITUTE(SUBSTITUTE(SUBSTITUTE(SUBSTITUTE(SUBSTITUTE(SUBSTITUTE(SUBSTITUTE(SUBSTITUTE(SUBSTITUTE(SUBSTITUTE(SUBSTITUTE(SUBSTITUTE(SUBSTITUTE(SUBSTITUTE(SUBSTITUTE(SUBSTITUTE(SUBSTITUTE(SUBSTITUTE(A118,"ć","c"),"č","c"),"š","s"),"Š","S"),"ž","z"),"ñ","n"),"ü","u"),"í","i"),"é","e"),"ó","o"),"á","a"),"ņ","n"),"ģ","g"),"Ş","S"),"ş","s"),"ū","u"),"ë","e"),"ö","o"),"ä","a")) -> Paul George | C118: 1.1 | D118: =_xlfn.XLOOKUP(A118,'Playoff VORP'!A:A,'Playoff VORP'!B:B,0) -> 0.4 | E118: =C118+D118 -> 1.5 | F118: =IF(COUNTIF(Analysis!$C:$C,B118)>0,"Matched","NO MATCH") -> Matched
A119: Collin Sexton | B119: =TRIM(SUBSTITUTE(SUBSTITUTE(SUBSTITUTE(SUBSTITUTE(SUBSTITUTE(SUBSTITUTE(SUBSTITUTE(SUBSTITUTE(SUBSTITUTE(SUBSTITUTE(SUBSTITUTE(SUBSTITUTE(SUBSTITUTE(SUBSTITUTE(SUBSTITUTE(SUBSTITUTE(SUBSTITUTE(SUBSTITUTE(SUBSTITUTE(A119,"ć","c"),"č","c"),"š","s"),"Š","S"),"ž","z"),"ñ","n"),"ü","u"),"í","i"),"é","e"),"ó","o"),"á","a"),"ņ","n"),"ģ","g"),"Ş","S"),"ş","s"),"ū","u"),"ë","e"),"ö","o"),"ä","a")) -> Collin Sexton | C119: 1.1 | D119: =_xlfn.XLOOKUP(A119,'Playoff VORP'!A:A,'Playoff VORP'!B:B,0) -> 0 | E119: =C119+D119 -> 1.1 | F119: =IF(COUNTIF(Analysis!$C:$C,B119)>0,"Matched","NO MATCH") -> Matched
A120: Jay Huff | B120: =TRIM(SUBSTITUTE(SUBSTITUTE(SUBSTITUTE(SUBSTITUTE(SUBSTITUTE(SUBSTITUTE(SUBSTITUTE(SUBSTITUTE(SUBSTITUTE(SUBSTITUTE(SUBSTITUTE(SUBSTITUTE(SUBSTITUTE(SUBSTITUTE(SUBSTITUTE(SUBSTITUTE(SUBSTITUTE(SUBSTITUTE(SUBSTITUTE(A120,"ć","c"),"č","c"),"š","s"),"Š","S"),"ž","z"),"ñ","n"),"ü","u"),"í","i"),"é","e"),"ó","o"),"á","a"),"ņ","n"),"ģ","g"),"Ş","S"),"ş","s"),"ū","u"),"ë","e"),"ö","o"),"ä","a")) -> Jay Huff | C120: 1.1 | D120: =_xlfn.XLOOKUP(A120,'Playoff VORP'!A:A,'Playoff VORP'!B:B,0) -> 0 | E120: =C120+D120 -> 1.1 | F120: =IF(COUNTIF(Analysis!$C:$C,B120)>0,"Matched","NO MATCH") -> Matched
A121: Tyler Herro | B121: =TRIM(SUBSTITUTE(SUBSTITUTE(SUBSTITUTE(SUBSTITUTE(SUBSTITUTE(SUBSTITUTE(SUBSTITUTE(SUBSTITUTE(SUBSTITUTE(SUBSTITUTE(SUBSTITUTE(SUBSTITUTE(SUBSTITUTE(SUBSTITUTE(SUBSTITUTE(SUBSTITUTE(SUBSTITUTE(SUBSTITUTE(SUBSTITUTE(A121,"ć","c"),"č","c"),"š","s"),"Š","S"),"ž","z"),"ñ","n"),"ü","u"),"í","i"),"é","e"),"ó","o"),"á","a"),"ņ","n"),"ģ","g"),"Ş","S"),"ş","s"),"ū","u"),"ë","e"),"ö","o"),"ä","a")) -> Tyler Herro | C121: 1.1 | D121: =_xlfn.XLOOKUP(A121,'Playoff VORP'!A:A,'Playoff VORP'!B:B,0) -> 0 | E121: =C121+D121 -> 1.1 | F121: =IF(COUNTIF(Analysis!$C:$C,B121)>0,"Matched","NO MATCH") -> Matched
A122: Jakob Poeltl | B122: =TRIM(SUBSTITUTE(SUBSTITUTE(SUBSTITUTE(SUBSTITUTE(SUBSTITUTE(SUBSTITUTE(SUBSTITUTE(SUBSTITUTE(SUBSTITUTE(SUBSTITUTE(SUBSTITUTE(SUBSTITUTE(SUBSTITUTE(SUBSTITUTE(SUBSTITUTE(SUBSTITUTE(SUBSTITUTE(SUBSTITUTE(SUBSTITUTE(A122,"ć","c"),"č","c"),"š","s"),"Š","S"),"ž","z"),"ñ","n"),"ü","u"),"í","i"),"é","e"),"ó","o"),"á","a"),"ņ","n"),"ģ","g"),"Ş","S"),"ş","s"),"ū","u"),"ë","e"),"ö","o"),"ä","a")) -> Jakob Poeltl | C122: 1 | D122: =_xlfn.XLOOKUP(A122,'Playoff VORP'!A:A,'Playoff VORP'!B:B,0) -> 0.2 | E122: =C122+D122 -> 1.2 | F122: =IF(COUNTIF(Analysis!$C:$C,B122)>0,"Matched","NO MATCH") -> Matched
A123: VJ Edgecombe | B123: =TRIM(SUBSTITUTE(SUBSTITUTE(SUBSTITUTE(SUBSTITUTE(SUBSTITUTE(SUBSTITUTE(SUBSTITUTE(SUBSTITUTE(SUBSTITUTE(SUBSTITUTE(SUBSTITUTE(SUBSTITUTE(SUBSTITUTE(SUBSTITUTE(SUBSTITUTE(SUBSTITUTE(SUBSTITUTE(SUBSTITUTE(SUBSTITUTE(A123,"ć","c"),"č","c"),"š","s"),"Š","S"),"ž","z"),"ñ","n"),"ü","u"),"í","i"),"é","e"),"ó","o"),"á","a"),"ņ","n"),"ģ","g"),"Ş","S"),"ş","s"),"ū","u"),"ë","e"),"ö","o"),"ä","a")) -> VJ Edgecombe | C123: 1 | D123: =_xlfn.XLOOKUP(A123,'Playoff VORP'!A:A,'Playoff VORP'!B:B,0) -> 0.1 | E123: =C123+D123 -> 1.1 | F123: =IF(COUNTIF(Analysis!$C:$C,B123)>0,"Matched","NO MATCH") -> Matched
A124: Jaden McDaniels | B124: =TRIM(SUBSTITUTE(SUBSTITUTE(SUBSTITUTE(SUBSTITUTE(SUBSTITUTE(SUBSTITUTE(SUBSTITUTE(SUBSTITUTE(SUBSTITUTE(SUBSTITUTE(SUBSTITUTE(SUBSTITUTE(SUBSTITUTE(SUBSTITUTE(SUBSTITUTE(SUBSTITUTE(SUBSTITUTE(SUBSTITUTE(SUBSTITUTE(A124,"ć","c"),"č","c"),"š","s"),"Š","S"),"ž","z"),"ñ","n"),"ü","u"),"í","i"),"é","e"),"ó","o"),"á","a"),"ņ","n"),"ģ","g"),"Ş","S"),"ş","s"),"ū","u"),"ë","e"),"ö","o"),"ä","a")) -> Jaden McDaniels | C124: 1 | D124: =_xlfn.XLOOKUP(A124,'Playoff VORP'!A:A,'Playoff VORP'!B:B,0) -> 0.1 | E124: =C124+D124 -> 1.1 | F124: =IF(COUNTIF(Analysis!$C:$C,B124)>0,"Matched","NO MATCH") -> Matched
A125: Alex Caruso | B125: =TRIM(SUBSTITUTE(SUBSTITUTE(SUBSTITUTE(SUBSTITUTE(SUBSTITUTE(SUBSTITUTE(SUBSTITUTE(SUBSTITUTE(SUBSTITUTE(SUBSTITUTE(SUBSTITUTE(SUBSTITUTE(SUBSTITUTE(SUBSTITUTE(SUBSTITUTE(SUBSTITUTE(SUBSTITUTE(SUBSTITUTE(SUBSTITUTE(A125,"ć","c"),"č","c"),"š","s"),"Š","S"),"ž","z"),"ñ","n"),"ü","u"),"í","i"),"é","e"),"ó","o"),"á","a"),"ņ","n"),"ģ","g"),"Ş","S"),"ş","s"),"ū","u"),"ë","e"),"ö","o"),"ä","a")) -> Alex Caruso | C125: 1 | D125: =_xlfn.XLOOKUP(A125,'Playoff VORP'!A:A,'Playoff VORP'!B:B,0) -> 0.6 | E125: =C125+D125 -> 1.6 | F125: =IF(COUNTIF(Analysis!$C:$C,B125)>0,"Matched","NO MATCH") -> Matched
A126: Day'Ron Sharpe | B126: =TRIM(SUBSTITUTE(SUBSTITUTE(SUBSTITUTE(SUBSTITUTE(SUBSTITUTE(SUBSTITUTE(SUBSTITUTE(SUBSTITUTE(SUBSTITUTE(SUBSTITUTE(SUBSTITUTE(SUBSTITUTE(SUBSTITUTE(SUBSTITUTE(SUBSTITUTE(SUBSTITUTE(SUBSTITUTE(SUBSTITUTE(SUBSTITUTE(A126,"ć","c"),"č","c"),"š","s"),"Š","S"),"ž","z"),"ñ","n"),"ü","u"),"í","i"),"é","e"),"ó","o"),"á","a"),"ņ","n"),"ģ","g"),"Ş","S"),"ş","s"),"ū","u"),"ë","e"),"ö","o"),"ä","a")) -> Day'Ron Sharpe | C126: 1 | D126: =_xlfn.XLOOKUP(A126,'Playoff VORP'!A:A,'Playoff VORP'!B:B,0) -> 0 | E126: =C126+D126 -> 1 | F126: =IF(COUNTIF(Analysis!$C:$C,B126)>0,"Matched","NO MATCH") -> Matched
A127: CJ McCollum | B127: =TRIM(SUBSTITUTE(SUBSTITUTE(SUBSTITUTE(SUBSTITUTE(SUBSTITUTE(SUBSTITUTE(SUBSTITUTE(SUBSTITUTE(SUBSTITUTE(SUBSTITUTE(SUBSTITUTE(SUBSTITUTE(SUBSTITUTE(SUBSTITUTE(SUBSTITUTE(SUBSTITUTE(SUBSTITUTE(SUBSTITUTE(SUBSTITUTE(A127,"ć","c"),"č","c"),"š","s"),"Š","S"),"ž","z"),"ñ","n"),"ü","u"),"í","i"),"é","e"),"ó","o"),"á","a"),"ņ","n"),"ģ","g"),"Ş","S"),"ş","s"),"ū","u"),"ë","e"),"ö","o"),"ä","a")) -> CJ McCollum | C127: 1 | D127: =_xlfn.XLOOKUP(A127,'Playoff VORP'!A:A,'Playoff VORP'!B:B,0) -> 0 | E127: =C127+D127 -> 1 | F127: =IF(COUNTIF(Analysis!$C:$C,B127)>0,"Matched","NO MATCH") -> Matched
... A267: Lonzo Ball | B267: =TRIM(SUBSTITUTE(SUBSTITUTE(SUBSTITUTE(SUBSTITUTE(SUBSTITUTE(SUBSTITUTE(SUBSTITUTE(SUBSTITUTE(SUBSTITUTE(SUBSTITUTE(SUBSTITUTE(SUBSTITUTE(SUBSTITUTE(SUBSTITUTE(SUBSTITUTE(SUBSTITUTE(SUBSTITUTE(SUBSTITUTE(SUBSTITUTE(A267,"ć","c"),"č","c"),"š","s"),"Š","S"),"ž","z"),"ñ","n"),"ü","u"),"í","i"),"é","e"),"ó","o"),"á","a"),"ņ","n"),"ģ","g"),"Ş","S"),"ş","s"),"ū","u"),"ë","e"),"ö","o"),"ä","a")) -> Lonzo Ball | C267: 0.2 | D267: =_xlfn.XLOOKUP(A267,'Playoff VORP'!A:A,'Playoff VORP'!B:B,0) -> 0 | E267: =C267+D267 -> 0.2 | F267: =IF(COUNTIF(Analysis!$C:$C,B267)>0,"Matched","NO MATCH") -> Matched
A268: David Jones García | B268: David Jones | C268: 0.1 | D268: =_xlfn.XLOOKUP(A268,'Playoff VORP'!A:A,'Playoff VORP'!B:B,0) -> 0 | E268: =C268+D268 -> 0.1 | F268: =IF(COUNTIF(Analysis!$C:$C,B268)>0,"Matched","NO MATCH") -> Matched
A269: Vít Krejčí | B269: =TRIM(SUBSTITUTE(SUBSTITUTE(SUBSTITUTE(SUBSTITUTE(SUBSTITUTE(SUBSTITUTE(SUBSTITUTE(SUBSTITUTE(SUBSTITUTE(SUBSTITUTE(SUBSTITUTE(SUBSTITUTE(SUBSTITUTE(SUBSTITUTE(SUBSTITUTE(SUBSTITUTE(SUBSTITUTE(SUBSTITUTE(SUBSTITUTE(A269,"ć","c"),"č","c"),"š","s"),"Š","S"),"ž","z"),"ñ","n"),"ü","u"),"í","i"),"é","e"),"ó","o"),"á","a"),"ņ","n"),"ģ","g"),"Ş","S"),"ş","s"),"ū","u"),"ë","e"),"ö","o"),"ä","a")) -> Vit Krejci | C269: 0.1 | D269: =_xlfn.XLOOKUP(A269,'Playoff VORP'!A:A,'Playoff VORP'!B:B,0) -> 0 | E269: =C269+D269 -> 0.1 | F269: =IF(COUNTIF(Analysis!$C:$C,B269)>0,"Matched","NO MATCH") -> Matched
A270: Jarred Vanderbilt | B270: =TRIM(SUBSTITUTE(SUBSTITUTE(SUBSTITUTE(SUBSTITUTE(SUBSTITUTE(SUBSTITUTE(SUBSTITUTE(SUBSTITUTE(SUBSTITUTE(SUBSTITUTE(SUBSTITUTE(SUBSTITUTE(SUBSTITUTE(SUBSTITUTE(SUBSTITUTE(SUBSTITUTE(SUBSTITUTE(SUBSTITUTE(SUBSTITUTE(A270,"ć","c"),"č","c"),"š","s"),"Š","S"),"ž","z"),"ñ","n"),"ü","u"),"í","i"),"é","e"),"ó","o"),"á","a"),"ņ","n"),"ģ","g"),"Ş","S"),"ş","s"),"ū","u"),"ë","e"),"ö","o"),"ä","a")) -> Jarred Vanderbilt | C270: 0.1 | D270: =_xlfn.XLOOKUP(A270,'Playoff VORP'!A:A,'Playoff VORP'!B:B,0) -> -0.1 | E270: =C270+D270 -> 0 | F270: =IF(COUNTIF(Analysis!$C:$C,B270)>0,"Matched","NO MATCH") -> Matched
A271: Haywood Highsmith | B271: =TRIM(SUBSTITUTE(SUBSTITUTE(SUBSTITUTE(SUBSTITUTE(SUBSTITUTE(SUBSTITUTE(SUBSTITUTE(SUBSTITUTE(SUBSTITUTE(SUBSTITUTE(SUBSTITUTE(SUBSTITUTE(SUBSTITUTE(SUBSTITUTE(SUBSTITUTE(SUBSTITUTE(SUBSTITUTE(SUBSTITUTE(SUBSTITUTE(A271,"ć","c"),"č","c"),"š","s"),"Š","S"),"ž","z"),"ñ","n"),"ü","u"),"í","i"),"é","e"),"ó","o"),"á","a"),"ņ","n"),"ģ","g"),"Ş","S"),"ş","s"),"ū","u"),"ë","e"),"ö","o"),"ä","a")) -> Haywood Highsmith | C271: 0.1 | D271: =_xlfn.XLOOKUP(A271,'Playoff VORP'!A:A,'Playoff VORP'!B:B,0) -> 0 | E271: =C271+D271 -> 0.1 | F271: =IF(COUNTIF(Analysis!$C:$C,B271)>0,"Matched","NO MATCH") -> Matched
A272: Dwight Powell | B272: =TRIM(SUBSTITUTE(SUBSTITUTE(SUBSTITUTE(SUBSTITUTE(SUBSTITUTE(SUBSTITUTE(SUBSTITUTE(SUBSTITUTE(SUBSTITUTE(SUBSTITUTE(SUBSTITUTE(SUBSTITUTE(SUBSTITUTE(SUBSTITUTE(SUBSTITUTE(SUBSTITUTE(SUBSTITUTE(SUBSTITUTE(SUBSTITUTE(A272,"ć","c"),"č","c"),"š","s"),"Š","S"),"ž","z"),"ñ","n"),"ü","u"),"í","i"),"é","e"),"ó","o"),"á","a"),"ņ","n"),"ģ","g"),"Ş","S"),"ş","s"),"ū","u"),"ë","e"),"ö","o"),"ä","a")) -> Dwight Powell | C272: 0.1 | D272: =_xlfn.XLOOKUP(A272,'Playoff VORP'!A:A,'Playoff VORP'!B:B,0) -> 0 | E272: =C272+D272 -> 0.1 | F272: =IF(COUNTIF(Analysis!$C:$C,B272)>0,"Matched","NO MATCH") -> Matched
A273: Leonard Miller | B273: =TRIM(SUBSTITUTE(SUBSTITUTE(SUBSTITUTE(SUBSTITUTE(SUBSTITUTE(SUBSTITUTE(SUBSTITUTE(SUBSTITUTE(SUBSTITUTE(SUBSTITUTE(SUBSTITUTE(SUBSTITUTE(SUBSTITUTE(SUBSTITUTE(SUBSTITUTE(SUBSTITUTE(SUBSTITUTE(SUBSTITUTE(SUBSTITUTE(A273,"ć","c"),"č","c"),"š","s"),"Š","S"),"ž","z"),"ñ","n"),"ü","u"),"í","i"),"é","e"),"ó","o"),"á","a"),"ņ","n"),"ģ","g"),"Ş","S"),"ş","s"),"ū","u"),"ë","e"),"ö","o"),"ä","a")) -> Leonard Miller | C273: 0.1 | D273: =_xlfn.XLOOKUP(A273,'Playoff VORP'!A:A,'Playoff VORP'!B:B,0) -> 0 | E273: =C273+D273 -> 0.1 | F273: =IF(COUNTIF(Analysis!$C:$C,B273)>0,"Matched","NO MATCH") -> Matched
A274: Jalen Slawson | B274: =TRIM(SUBSTITUTE(SUBSTITUTE(SUBSTITUTE(SUBSTITUTE(SUBSTITUTE(SUBSTITUTE(SUBSTITUTE(SUBSTITUTE(SUBSTITUTE(SUBSTITUTE(SUBSTITUTE(SUBSTITUTE(SUBSTITUTE(SUBSTITUTE(SUBSTITUTE(SUBSTITUTE(SUBSTITUTE(SUBSTITUTE(SUBSTITUTE(A274,"ć","c"),"č","c"),"š","s"),"Š","S"),"ž","z"),"ñ","n"),"ü","u"),"í","i"),"é","e"),"ó","o"),"á","a"),"ņ","n"),"ģ","g"),"Ş","S"),"ş","s"),"ū","u"),"ë","e"),"ö","o"),"ä","a")) -> Jalen Slawson | C274: 0.1 | D274: =_xlfn.XLOOKUP(A274,'Playoff VORP'!A:A,'Playoff VORP'!B:B,0) -> 0 | E274: =C274+D274 -> 0.1 | F274: =IF(COUNTIF(Analysis!$C:$C,B274)>0,"Matched","NO MATCH") -> Matched
A275: Ziaire Williams | B275: =TRIM(SUBSTITUTE(SUBSTITUTE(SUBSTITUTE(SUBSTITUTE(SUBSTITUTE(SUBSTITUTE(SUBSTITUTE(SUBSTITUTE(SUBSTITUTE(SUBSTITUTE(SUBSTITUTE(SUBSTITUTE(SUBSTITUTE(SUBSTITUTE(SUBSTITUTE(SUBSTITUTE(SUBSTITUTE(SUBSTITUTE(SUBSTITUTE(A275,"ć","c"),"č","c"),"š","s"),"Š","S"),"ž","z"),"ñ","n"),"ü","u"),"í","i"),"é","e"),"ó","o"),"á","a"),"ņ","n"),"ģ","g"),"Ş","S"),"ş","s"),"ū","u"),"ë","e"),"ö","o"),"ä","a")) -> Ziaire Williams | C275: 0.1 | D275: =_xlfn.XLOOKUP(A275,'Playoff VORP'!A:A,'Playoff VORP'!B:B,0) -> 0 | E275: =C275+D275 -> 0.1 | F275: =IF(COUNTIF(Analysis!$C:$C,B275)>0,"Matched","NO MATCH") -> Matched
A276: Yves Missi | B276: =TRIM(SUBSTITUTE(SUBSTITUTE(SUBSTITUTE(SUBSTITUTE(SUBSTITUTE(SUBSTITUTE(SUBSTITUTE(SUBSTITUTE(SUBSTITUTE(SUBSTITUTE(SUBSTITUTE(SUBSTITUTE(SUBSTITUTE(SUBSTITUTE(SUBSTITUTE(SUBSTITUTE(SUBSTITUTE(SUBSTITUTE(SUBSTITUTE(A276,"ć","c"),"č","c"),"š","s"),"Š","S"),"ž","z"),"ñ","n"),"ü","u"),"í","i"),"é","e"),"ó","o"),"á","a"),"ņ","n"),"ģ","g"),"Ş","S"),"ş","s"),"ū","u"),"ë","e"),"ö","o"),"ä","a")) -> Yves Missi | C276: 0.1 | D276: =_xlfn.XLOOKUP(A276,'Playoff VORP'!A:A,'Playoff VORP'!B:B,0) -> 0 | E276: =C276+D276 -> 0.1 | F276: =IF(COUNTIF(Analysis!$C:$C,B276)>0,"Matched","NO MATCH") -> Matched
A277: Egor Dëmin | B277: =TRIM(SUBSTITUTE(SUBSTITUTE(SUBSTITUTE(SUBSTITUTE(SUBSTITUTE(SUBSTITUTE(SUBSTITUTE(SUBSTITUTE(SUBSTITUTE(SUBSTITUTE(SUBSTITUTE(SUBSTITUTE(SUBSTITUTE(SUBSTITUTE(SUBSTITUTE(SUBSTITUTE(SUBSTITUTE(SUBSTITUTE(SUBSTITUTE(A277,"ć","c"),"č","c"),"š","s"),"Š","S"),"ž","z"),"ñ","n"),"ü","u"),"í","i"),"é","e"),"ó","o"),"á","a"),"ņ","n"),"ģ","g"),"Ş","S"),"ş","s"),"ū","u"),"ë","e"),"ö","o"),"ä","a")) -> Egor Demin | C277: 0.1 | D277: =_xlfn.XLOOKUP(A277,'Playoff VORP'!A:A,'Playoff VORP'!B:B,0) -> 0 | E277: =C277+D277 -> 0.1 | F277: =IF(COUNTIF(Analysis!$C:$C,B277)>0,"Matched","NO MATCH") -> Matched
A278: Hugo González | B278: =TRIM(SUBSTITUTE(SUBSTITUTE(SUBSTITUTE(SUBSTITUTE(SUBSTITUTE(SUBSTITUTE(SUBSTITUTE(SUBSTITUTE(SUBSTITUTE(SUBSTITUTE(SUBSTITUTE(SUBSTITUTE(SUBSTITUTE(SUBSTITUTE(SUBSTITUTE(SUBSTITUTE(SUBSTITUTE(SUBSTITUTE(SUBSTITUTE(A278,"ć","c"),"č","c"),"š","s"),"Š","S"),"ž","z"),"ñ","n"),"ü","u"),"í","i"),"é","e"),"ó","o"),"á","a"),"ņ","n"),"ģ","g"),"Ş","S"),"ş","s"),"ū","u"),"ë","e"),"ö","o"),"ä","a")) -> Hugo Gonzalez | C278: 0.1 | D278: =_xlfn.XLOOKUP(A278,'Playoff VORP'!A:A,'Playoff VORP'!B:B,0) -> 0 | E278: =C278+D278 -> 0.1 | F278: =IF(COUNTIF(Analysis!$C:$C,B278)>0,"Matched","NO MATCH") -> Matched
A279: Malachi Smith | B279: =TRIM(SUBSTITUTE(SUBSTITUTE(SUBSTITUTE(SUBSTITUTE(SUBSTITUTE(SUBSTITUTE(SUBSTITUTE(SUBSTITUTE(SUBSTITUTE(SUBSTITUTE(SUBSTITUTE(SUBSTITUTE(SUBSTITUTE(SUBSTITUTE(SUBSTITUTE(SUBSTITUTE(SUBSTITUTE(SUBSTITUTE(SUBSTITUTE(A279,"ć","c"),"č","c"),"š","s"),"Š","S"),"ž","z"),"ñ","n"),"ü","u"),"í","i"),"é","e"),"ó","o"),"á","a"),"ņ","n"),"ģ","g"),"Ş","S"),"ş","s"),"ū","u"),"ë","e"),"ö","o"),"ä","a")) -> Malachi Smith | C279: 0.1 | D279: =_xlfn.XLOOKUP(A279,'Playoff VORP'!A:A,'Playoff VORP'!B:B,0) -> 0 | E279: =C279+D279 -> 0.1 | F279: =IF(COUNTIF(Analysis!$C:$C,B279)>0,"Matched","NO MATCH") -> Matched
A280: Mason Plumlee | B280: =TRIM(SUBSTITUTE(SUBSTITUTE(SUBSTITUTE(SUBSTITUTE(SUBSTITUTE(SUBSTITUTE(SUBSTITUTE(SUBSTITUTE(SUBSTITUTE(SUBSTITUTE(SUBSTITUTE(SUBSTITUTE(SUBSTITUTE(SUBSTITUTE(SUBSTITUTE(SUBSTITUTE(SUBSTITUTE(SUBSTITUTE(SUBSTITUTE(A280,"ć","c"),"č","c"),"š","s"),"Š","S"),"ž","z"),"ñ","n"),"ü","u"),"í","i"),"é","e"),"ó","o"),"á","a"),"ņ","n"),"ģ","g"),"Ş","S"),"ş","s"),"ū","u"),"ë","e"),"ö","o"),"ä","a")) -> Mason Plumlee | C280: 0.1 | D280: =_xlfn.XLOOKUP(A280,'Playoff VORP'!A:A,'Playoff VORP'!B:B,0) -> 0 | E280: =C280+D280 -> 0.1 | F280: =IF(COUNTIF(Analysis!$C:$C,B280)>0,"Matched","NO MATCH") -> Matched
... A296: Seth Curry | B296: =TRIM(SUBSTITUTE(SUBSTITUTE(SUBSTITUTE(SUBSTITUTE(SUBSTITUTE(SUBSTITUTE(SUBSTITUTE(SUBSTITUTE(SUBSTITUTE(SUBSTITUTE(SUBSTITUTE(SUBSTITUTE(SUBSTITUTE(SUBSTITUTE(SUBSTITUTE(SUBSTITUTE(SUBSTITUTE(SUBSTITUTE(SUBSTITUTE(A296,"ć","c"),"č","c"),"š","s"),"Š","S"),"ž","z"),"ñ","n"),"ü","u"),"í","i"),"é","e"),"ó","o"),"á","a"),"ņ","n"),"ģ","g"),"Ş","S"),"ş","s"),"ū","u"),"ë","e"),"ö","o"),"ä","a")) -> Seth Curry | C296: 0.1 | D296: =_xlfn.XLOOKUP(A296,'Playoff VORP'!A:A,'Playoff VORP'!B:B,0) -> 0 | E296: =C296+D296 -> 0.1 | F296: =IF(COUNTIF(Analysis!$C:$C,B296)>0,"Matched","NO MATCH") -> Matched
A297: Svi Mykhailiuk | B297: Sviatoslav Mykhailiuk | C297: 0.1 | D297: =_xlfn.XLOOKUP(A297,'Playoff VORP'!A:A,'Playoff VORP'!B:B,0) -> 0 | E297: =C297+D297 -> 0.1 | F297: =IF(COUNTIF(Analysis!$C:$C,B297)>0,"Matched","NO MATCH") -> Matched
A298: Duop Reath | B298: =TRIM(SUBSTITUTE(SUBSTITUTE(SUBSTITUTE(SUBSTITUTE(SUBSTITUTE(SUBSTITUTE(SUBSTITUTE(SUBSTITUTE(SUBSTITUTE(SUBSTITUTE(SUBSTITUTE(SUBSTITUTE(SUBSTITUTE(SUBSTITUTE(SUBSTITUTE(SUBSTITUTE(SUBSTITUTE(SUBSTITUTE(SUBSTITUTE(A298,"ć","c"),"č","c"),"š","s"),"Š","S"),"ž","z"),"ñ","n"),"ü","u"),"í","i"),"é","e"),"ó","o"),"á","a"),"ņ","n"),"ģ","g"),"Ş","S"),"ş","s"),"ū","u"),"ë","e"),"ö","o"),"ä","a")) -> Duop Reath | C298: 0.1 | D298: =_xlfn.XLOOKUP(A298,'Playoff VORP'!A:A,'Playoff VORP'!B:B,0) -> 0 | E298: =C298+D298 -> 0.1 | F298: =IF(COUNTIF(Analysis!$C:$C,B298)>0,"Matched","NO MATCH") -> Matched
A299: Jamal Cain | B299: =TRIM(SUBSTITUTE(SUBSTITUTE(SUBSTITUTE(SUBSTITUTE(SUBSTITUTE(SUBSTITUTE(SUBSTITUTE(SUBSTITUTE(SUBSTITUTE(SUBSTITUTE(SUBSTITUTE(SUBSTITUTE(SUBSTITUTE(SUBSTITUTE(SUBSTITUTE(SUBSTITUTE(SUBSTITUTE(SUBSTITUTE(SUBSTITUTE(A299,"ć","c"),"č","c"),"š","s"),"Š","S"),"ž","z"),"ñ","n"),"ü","u"),"í","i"),"é","e"),"ó","o"),"á","a"),"ņ","n"),"ģ","g"),"Ş","S"),"ş","s"),"ū","u"),"ë","e"),"ö","o"),"ä","a")) -> Jamal Cain | C299: 0.1 | D299: =_xlfn.XLOOKUP(A299,'Playoff VORP'!A:A,'Playoff VORP'!B:B,0) -> -0.1 | E299: =C299+D299 -> 0 | F299: =IF(COUNTIF(Analysis!$C:$C,B299)>0,"Matched","NO MATCH") -> Matched
A300: Tolu Smith | B300: =TRIM(SUBSTITUTE(SUBSTITUTE(SUBSTITUTE(SUBSTITUTE(SUBSTITUTE(SUBSTITUTE(SUBSTITUTE(SUBSTITUTE(SUBSTITUTE(SUBSTITUTE(SUBSTITUTE(SUBSTITUTE(SUBSTITUTE(SUBSTITUTE(SUBSTITUTE(SUBSTITUTE(SUBSTITUTE(SUBSTITUTE(SUBSTITUTE(A300,"ć","c"),"č","c"),"š","s"),"Š","S"),"ž","z"),"ñ","n"),"ü","u"),"í","i"),"é","e"),"ó","o"),"á","a"),"ņ","n"),"ģ","g"),"Ş","S"),"ş","s"),"ū","u"),"ë","e"),"ö","o"),"ä","a")) -> Tolu Smith | C300: 0.1 | D300: =_xlfn.XLOOKUP(A300,'Playoff VORP'!A:A,'Playoff VORP'!B:B,0) -> 0 | E300: =C300+D300 -> 0.1 | F300: =IF(COUNTIF(Analysis!$C:$C,B300)>0,"Matched","NO MATCH") -> Matched
A301: Ja Morant | B301: =TRIM(SUBSTITUTE(SUBSTITUTE(SUBSTITUTE(SUBSTITUTE(SUBSTITUTE(SUBSTITUTE(SUBSTITUTE(SUBSTITUTE(SUBSTITUTE(SUBSTITUTE(SUBSTITUTE(SUBSTITUTE(SUBSTITUTE(SUBSTITUTE(SUBSTITUTE(SUBSTITUTE(SUBSTITUTE(SUBSTITUTE(SUBSTITUTE(A301,"ć","c"),"č","c"),"š","s"),"Š","S"),"ž","z"),"ñ","n"),"ü","u"),"í","i"),"é","e"),"ó","o"),"á","a"),"ņ","n"),"ģ","g"),"Ş","S"),"ş","s"),"ū","u"),"ë","e"),"ö","o"),"ä","a")) -> Ja Morant | C301: 0.1 | D301: =_xlfn.XLOOKUP(A301,'Playoff VORP'!A:A,'Playoff VORP'!B:B,0) -> 0 | E301: =C301+D301 -> 0.1 | F301: =IF(COUNTIF(Analysis!$C:$C,B301)>0,"Matched","NO MATCH") -> Matched
A302: Liam McNeeley | B302: =TRIM(SUBSTITUTE(SUBSTITUTE(SUBSTITUTE(SUBSTITUTE(SUBSTITUTE(SUBSTITUTE(SUBSTITUTE(SUBSTITUTE(SUBSTITUTE(SUBSTITUTE(SUBSTITUTE(SUBSTITUTE(SUBSTITUTE(SUBSTITUTE(SUBSTITUTE(SUBSTITUTE(SUBSTITUTE(SUBSTITUTE(SUBSTITUTE(A302,"ć","c"),"č","c"),"š","s"),"Š","S"),"ž","z"),"ñ","n"),"ü","u"),"í","i"),"é","e"),"ó","o"),"á","a"),"ņ","n"),"ģ","g"),"Ş","S"),"ş","s"),"ū","u"),"ë","e"),"ö","o"),"ä","a")) -> Liam McNeeley | C302: 0.1 | D302: =_xlfn.XLOOKUP(A302,'Playoff VORP'!A:A,'Playoff VORP'!B:B,0) -> 0 | E302: =C302+D302 -> 0.1 | F302: =IF(COUNTIF(Analysis!$C:$C,B302)>0,"Matched","NO MATCH") -> Matched
A303: Jonathan Isaac | B303: =TRIM(SUBSTITUTE(SUBSTITUTE(SUBSTITUTE(SUBSTITUTE(SUBSTITUTE(SUBSTITUTE(SUBSTITUTE(SUBSTITUTE(SUBSTITUTE(SUBSTITUTE(SUBSTITUTE(SUBSTITUTE(SUBSTITUTE(SUBSTITUTE(SUBSTITUTE(SUBSTITUTE(SUBSTITUTE(SUBSTITUTE(SUBSTITUTE(A303,"ć","c"),"č","c"),"š","s"),"Š","S"),"ž","z"),"ñ","n"),"ü","u"),"í","i"),"é","e"),"ó","o"),"á","a"),"ņ","n"),"ģ","g"),"Ş","S"),"ş","s"),"ū","u"),"ë","e"),"ö","o"),"ä","a")) -> Jonathan Isaac | C303: 0.1 | D303: =_xlfn.XLOOKUP(A303,'Playoff VORP'!A:A,'Playoff VORP'!B:B,0) -> 0 | E303: =C303+D303 -> 0.1 | F303: =IF(COUNTIF(Analysis!$C:$C,B303)>0,"Matched","NO MATCH") -> Matched
A304: A.J. Lawson | B304: =TRIM(SUBSTITUTE(SUBSTITUTE(SUBSTITUTE(SUBSTITUTE(SUBSTITUTE(SUBSTITUTE(SUBSTITUTE(SUBSTITUTE(SUBSTITUTE(SUBSTITUTE(SUBSTITUTE(SUBSTITUTE(SUBSTITUTE(SUBSTITUTE(SUBSTITUTE(SUBSTITUTE(SUBSTITUTE(SUBSTITUTE(SUBSTITUTE(A304,"ć","c"),"č","c"),"š","s"),"Š","S"),"ž","z"),"ñ","n"),"ü","u"),"í","i"),"é","e"),"ó","o"),"á","a"),"ņ","n"),"ģ","g"),"Ş","S"),"ş","s"),"ū","u"),"ë","e"),"ö","o"),"ä","a")) -> A.J. Lawson | C304: 0.1 | D304: =_xlfn.XLOOKUP(A304,'Playoff VORP'!A:A,'Playoff VORP'!B:B,0) -> -0.1 | E304: =C304+D304 -> 0 | F304: =IF(COUNTIF(Analysis!$C:$C,B304)>0,"Matched","NO MATCH") -> Matched
A305: Max Strus | B305: =TRIM(SUBSTITUTE(SUBSTITUTE(SUBSTITUTE(SUBSTITUTE(SUBSTITUTE(SUBSTITUTE(SUBSTITUTE(SUBSTITUTE(SUBSTITUTE(SUBSTITUTE(SUBSTITUTE(SUBSTITUTE(SUBSTITUTE(SUBSTITUTE(SUBSTITUTE(SUBSTITUTE(SUBSTITUTE(SUBSTITUTE(SUBSTITUTE(A305,"ć","c"),"č","c"),"š","s"),"Š","S"),"ž","z"),"ñ","n"),"ü","u"),"í","i"),"é","e"),"ó","o"),"á","a"),"ņ","n"),"ģ","g"),"Ş","S"),"ş","s"),"ū","u"),"ë","e"),"ö","o"),"ä","a")) -> Max Strus | C305: 0.1 | D305: =_xlfn.XLOOKUP(A305,'Playoff VORP'!A:A,'Playoff VORP'!B:B,0) -> 0.3 | E305: =C305+D305 -> 0.4 | F305: =IF(COUNTIF(Analysis!$C:$C,B305)>0,"Matched","NO MATCH") -> Matched
A306: Asa Newell | B306: =TRIM(SUBSTITUTE(SUBSTITUTE(SUBSTITUTE(SUBSTITUTE(SUBSTITUTE(SUBSTITUTE(SUBSTITUTE(SUBSTITUTE(SUBSTITUTE(SUBSTITUTE(SUBSTITUTE(SUBSTITUTE(SUBSTITUTE(SUBSTITUTE(SUBSTITUTE(SUBSTITUTE(SUBSTITUTE(SUBSTITUTE(SUBSTITUTE(A306,"ć","c"),"č","c"),"š","s"),"Š","S"),"ž","z"),"ñ","n"),"ü","u"),"í","i"),"é","e"),"ó","o"),"á","a"),"ņ","n"),"ģ","g"),"Ş","S"),"ş","s"),"ū","u"),"ë","e"),"ö","o"),"ä","a")) -> Asa Newell | C306: 0.1 | D306: =_xlfn.XLOOKUP(A306,'Playoff VORP'!A:A,'Playoff VORP'!B:B,0) -> 0 | E306: =C306+D306 -> 0.1 | F306: =IF(COUNTIF(Analysis!$C:$C,B306)>0,"Matched","NO MATCH") -> Matched
A307: Antonio Reeves | B307: =TRIM(SUBSTITUTE(SUBSTITUTE(SUBSTITUTE(SUBSTITUTE(SUBSTITUTE(SUBSTITUTE(SUBSTITUTE(SUBSTITUTE(SUBSTITUTE(SUBSTITUTE(SUBSTITUTE(SUBSTITUTE(SUBSTITUTE(SUBSTITUTE(SUBSTITUTE(SUBSTITUTE(SUBSTITUTE(SUBSTITUTE(SUBSTITUTE(A307,"ć","c"),"č","c"),"š","s"),"Š","S"),"ž","z"),"ñ","n"),"ü","u"),"í","i"),"é","e"),"ó","o"),"á","a"),"ņ","n"),"ģ","g"),"Ş","S"),"ş","s"),"ū","u"),"ë","e"),"ö","o"),"ä","a")) -> Antonio Reeves | C307: 0.1 | D307: =_xlfn.XLOOKUP(A307,'Playoff VORP'!A:A,'Playoff VORP'!B:B,0) -> 0 | E307: =C307+D307 -> 0.1 | F307: =IF(COUNTIF(Analysis!$C:$C,B307)>0,"Matched","NO MATCH") -> Matched
A308: Riley Minix | B308: =TRIM(SUBSTITUTE(SUBSTITUTE(SUBSTITUTE(SUBSTITUTE(SUBSTITUTE(SUBSTITUTE(SUBSTITUTE(SUBSTITUTE(SUBSTITUTE(SUBSTITUTE(SUBSTITUTE(SUBSTITUTE(SUBSTITUTE(SUBSTITUTE(SUBSTITUTE(SUBSTITUTE(SUBSTITUTE(SUBSTITUTE(SUBSTITUTE(A308,"ć","c"),"č","c"),"š","s"),"Š","S"),"ž","z"),"ñ","n"),"ü","u"),"í","i"),"é","e"),"ó","o"),"á","a"),"ņ","n"),"ģ","g"),"Ş","S"),"ş","s"),"ū","u"),"ë","e"),"ö","o"),"ä","a")) -> Riley Minix | C308: 0.1 | D308: =_xlfn.XLOOKUP(A308,'Playoff VORP'!A:A,'Playoff VORP'!B:B,0) -> 0 | E308: =C308+D308 -> 0.1 | F308: =IF(COUNTIF(Analysis!$C:$C,B308)>0,"Matched","NO MATCH") -> Matched
A309: Keshad Johnson | B309: =TRIM(SUBSTITUTE(SUBSTITUTE(SUBSTITUTE(SUBSTITUTE(SUBSTITUTE(SUBSTITUTE(SUBSTITUTE(SUBSTITUTE(SUBSTITUTE(SUBSTITUTE(SUBSTITUTE(SUBSTITUTE(SUBSTITUTE(SUBSTITUTE(SUBSTITUTE(SUBSTITUTE(SUBSTITUTE(SUBSTITUTE(SUBSTITUTE(A309,"ć","c"),"č","c"),"š","s"),"Š","S"),"ž","z"),"ñ","n"),"ü","u"),"í","i"),"é","e"),"ó","o"),"á","a"),"ņ","n"),"ģ","g"),"Ş","S"),"ş","s"),"ū","u"),"ë","e"),"ö","o"),"ä","a")) -> Keshad Johnson | C309: 0.1 | D309: =_xlfn.XLOOKUP(A309,'Playoff VORP'!A:A,'Playoff VORP'!B:B,0) -> 0 | E309: =C309+D309 -> 0.1 | F309: =IF(COUNTIF(Analysis!$C:$C,B309)>0,"Matched","NO MATCH") -> Matched
... A425: Pat Spencer | B425: =TRIM(SUBSTITUTE(SUBSTITUTE(SUBSTITUTE(SUBSTITUTE(SUBSTITUTE(SUBSTITUTE(SUBSTITUTE(SUBSTITUTE(SUBSTITUTE(SUBSTITUTE(SUBSTITUTE(SUBSTITUTE(SUBSTITUTE(SUBSTITUTE(SUBSTITUTE(SUBSTITUTE(SUBSTITUTE(SUBSTITUTE(SUBSTITUTE(A425,"ć","c"),"č","c"),"š","s"),"Š","S"),"ž","z"),"ñ","n"),"ü","u"),"í","i"),"é","e"),"ó","o"),"á","a"),"ņ","n"),"ģ","g"),"Ş","S"),"ş","s"),"ū","u"),"ë","e"),"ö","o"),"ä","a")) -> Pat Spencer | C425: -0.1 | D425: =_xlfn.XLOOKUP(A425,'Playoff VORP'!A:A,'Playoff VORP'!B:B,0) -> 0 | E425: =C425+D425 -> -0.1 | F425: =IF(COUNTIF(Analysis!$C:$C,B425)>0,"Matched","NO MATCH") -> Matched
A426: Dennis Schröder | B426: Dennis Schroeder | C426: -0.1 | D426: =_xlfn.XLOOKUP(A426,'Playoff VORP'!A:A,'Playoff VORP'!B:B,0) -> -0.1 | E426: =C426+D426 -> -0.2 | F426: =IF(COUNTIF(Analysis!$C:$C,B426)>0,"Matched","NO MATCH") -> Matched
A427: Brooks Barnhizer | B427: =TRIM(SUBSTITUTE(SUBSTITUTE(SUBSTITUTE(SUBSTITUTE(SUBSTITUTE(SUBSTITUTE(SUBSTITUTE(SUBSTITUTE(SUBSTITUTE(SUBSTITUTE(SUBSTITUTE(SUBSTITUTE(SUBSTITUTE(SUBSTITUTE(SUBSTITUTE(SUBSTITUTE(SUBSTITUTE(SUBSTITUTE(SUBSTITUTE(A427,"ć","c"),"č","c"),"š","s"),"Š","S"),"ž","z"),"ñ","n"),"ü","u"),"í","i"),"é","e"),"ó","o"),"á","a"),"ņ","n"),"ģ","g"),"Ş","S"),"ş","s"),"ū","u"),"ë","e"),"ö","o"),"ä","a")) -> Brooks Barnhizer | C427: -0.1 | D427: =_xlfn.XLOOKUP(A427,'Playoff VORP'!A:A,'Playoff VORP'!B:B,0) -> 0 | E427: =C427+D427 -> -0.1 | F427: =IF(COUNTIF(Analysis!$C:$C,B427)>0,"Matched","NO MATCH") -> Matched
A428: Jaylen Clark | B428: =TRIM(SUBSTITUTE(SUBSTITUTE(SUBSTITUTE(SUBSTITUTE(SUBSTITUTE(SUBSTITUTE(SUBSTITUTE(SUBSTITUTE(SUBSTITUTE(SUBSTITUTE(SUBSTITUTE(SUBSTITUTE(SUBSTITUTE(SUBSTITUTE(SUBSTITUTE(SUBSTITUTE(SUBSTITUTE(SUBSTITUTE(SUBSTITUTE(A428,"ć","c"),"č","c"),"š","s"),"Š","S"),"ž","z"),"ñ","n"),"ü","u"),"í","i"),"é","e"),"ó","o"),"á","a"),"ņ","n"),"ģ","g"),"Ş","S"),"ş","s"),"ū","u"),"ë","e"),"ö","o"),"ä","a")) -> Jaylen Clark | C428: -0.1 | D428: =_xlfn.XLOOKUP(A428,'Playoff VORP'!A:A,'Playoff VORP'!B:B,0) -> 0 | E428: =C428+D428 -> -0.1 | F428: =IF(COUNTIF(Analysis!$C:$C,B428)>0,"Matched","NO MATCH") -> Matched
A429: Jahmyl Telfort | B429: =TRIM(SUBSTITUTE(SUBSTITUTE(SUBSTITUTE(SUBSTITUTE(SUBSTITUTE(SUBSTITUTE(SUBSTITUTE(SUBSTITUTE(SUBSTITUTE(SUBSTITUTE(SUBSTITUTE(SUBSTITUTE(SUBSTITUTE(SUBSTITUTE(SUBSTITUTE(SUBSTITUTE(SUBSTITUTE(SUBSTITUTE(SUBSTITUTE(A429,"ć","c"),"č","c"),"š","s"),"Š","S"),"ž","z"),"ñ","n"),"ü","u"),"í","i"),"é","e"),"ó","o"),"á","a"),"ņ","n"),"ģ","g"),"Ş","S"),"ş","s"),"ū","u"),"ë","e"),"ö","o"),"ä","a")) -> Jahmyl Telfort | C429: -0.1 | D429: =_xlfn.XLOOKUP(A429,'Playoff VORP'!A:A,'Playoff VORP'!B:B,0) -> 0 | E429: =C429+D429 -> -0.1 | F429: =IF(COUNTIF(Analysis!$C:$C,B429)>0,"Matched","NO MATCH") -> Matched
A430: Gary Harris | B430: =TRIM(SUBSTITUTE(SUBSTITUTE(SUBSTITUTE(SUBSTITUTE(SUBSTITUTE(SUBSTITUTE(SUBSTITUTE(SUBSTITUTE(SUBSTITUTE(SUBSTITUTE(SUBSTITUTE(SUBSTITUTE(SUBSTITUTE(SUBSTITUTE(SUBSTITUTE(SUBSTITUTE(SUBSTITUTE(SUBSTITUTE(SUBSTITUTE(A430,"ć","c"),"č","c"),"š","s"),"Š","S"),"ž","z"),"ñ","n"),"ü","u"),"í","i"),"é","e"),"ó","o"),"á","a"),"ņ","n"),"ģ","g"),"Ş","S"),"ş","s"),"ū","u"),"ë","e"),"ö","o"),"ä","a")) -> Gary Harris | C430: -0.1 | D430: =_xlfn.XLOOKUP(A430,'Playoff VORP'!A:A,'Playoff VORP'!B:B,0) -> 0 | E430: =C430+D430 -> -0.1 | F430: =IF(COUNTIF(Analysis!$C:$C,B430)>0,"Matched","NO MATCH") -> Matched
A431: Tyus Jones | B431: =TRIM(SUBSTITUTE(SUBSTITUTE(SUBSTITUTE(SUBSTITUTE(SUBSTITUTE(SUBSTITUTE(SUBSTITUTE(SUBSTITUTE(SUBSTITUTE(SUBSTITUTE(SUBSTITUTE(SUBSTITUTE(SUBSTITUTE(SUBSTITUTE(SUBSTITUTE(SUBSTITUTE(SUBSTITUTE(SUBSTITUTE(SUBSTITUTE(A431,"ć","c"),"č","c"),"š","s"),"Š","S"),"ž","z"),"ñ","n"),"ü","u"),"í","i"),"é","e"),"ó","o"),"á","a"),"ņ","n"),"ģ","g"),"Ş","S"),"ş","s"),"ū","u"),"ë","e"),"ö","o"),"ä","a")) -> Tyus Jones | C431: -0.1 | D431: =_xlfn.XLOOKUP(A431,'Playoff VORP'!A:A,'Playoff VORP'!B:B,0) -> 0 | E431: =C431+D431 -> -0.1 | F431: =IF(COUNTIF(Analysis!$C:$C,B431)>0,"Matched","NO MATCH") -> Matched
A432: Hunter Dickinson | B432: =TRIM(SUBSTITUTE(SUBSTITUTE(SUBSTITUTE(SUBSTITUTE(SUBSTITUTE(SUBSTITUTE(SUBSTITUTE(SUBSTITUTE(SUBSTITUTE(SUBSTITUTE(SUBSTITUTE(SUBSTITUTE(SUBSTITUTE(SUBSTITUTE(SUBSTITUTE(SUBSTITUTE(SUBSTITUTE(SUBSTITUTE(SUBSTITUTE(A432,"ć","c"),"č","c"),"š","s"),"Š","S"),"ž","z"),"ñ","n"),"ü","u"),"í","i"),"é","e"),"ó","o"),"á","a"),"ņ","n"),"ģ","g"),"Ş","S"),"ş","s"),"ū","u"),"ë","e"),"ö","o"),"ä","a")) -> Hunter Dickinson | C432: -0.1 | D432: =_xlfn.XLOOKUP(A432,'Playoff VORP'!A:A,'Playoff VORP'!B:B,0) -> 0 | E432: =C432+D432 -> -0.1 | F432: =IF(COUNTIF(Analysis!$C:$C,B432)>0,"Matched","NO MATCH") -> Matched
A433: James Wiseman | B433: =TRIM(SUBSTITUTE(SUBSTITUTE(SUBSTITUTE(SUBSTITUTE(SUBSTITUTE(SUBSTITUTE(SUBSTITUTE(SUBSTITUTE(SUBSTITUTE(SUBSTITUTE(SUBSTITUTE(SUBSTITUTE(SUBSTITUTE(SUBSTITUTE(SUBSTITUTE(SUBSTITUTE(SUBSTITUTE(SUBSTITUTE(SUBSTITUTE(A433,"ć","c"),"č","c"),"š","s"),"Š","S"),"ž","z"),"ñ","n"),"ü","u"),"í","i"),"é","e"),"ó","o"),"á","a"),"ņ","n"),"ģ","g"),"Ş","S"),"ş","s"),"ū","u"),"ë","e"),"ö","o"),"ä","a")) -> James Wiseman | C433: -0.1 | D433: =_xlfn.XLOOKUP(A433,'Playoff VORP'!A:A,'Playoff VORP'!B:B,0) -> 0 | E433: =C433+D433 -> -0.1 | F433: =IF(COUNTIF(Analysis!$C:$C,B433)>0,"Matched","NO MATCH") -> Matched
A434: Miles Kelly | B434: =TRIM(SUBSTITUTE(SUBSTITUTE(SUBSTITUTE(SUBSTITUTE(SUBSTITUTE(SUBSTITUTE(SUBSTITUTE(SUBSTITUTE(SUBSTITUTE(SUBSTITUTE(SUBSTITUTE(SUBSTITUTE(SUBSTITUTE(SUBSTITUTE(SUBSTITUTE(SUBSTITUTE(SUBSTITUTE(SUBSTITUTE(SUBSTITUTE(A434,"ć","c"),"č","c"),"š","s"),"Š","S"),"ž","z"),"ñ","n"),"ü","u"),"í","i"),"é","e"),"ó","o"),"á","a"),"ņ","n"),"ģ","g"),"Ş","S"),"ş","s"),"ū","u"),"ë","e"),"ö","o"),"ä","a")) -> Miles Kelly | C434: -0.1 | D434: =_xlfn.XLOOKUP(A434,'Playoff VORP'!A:A,'Playoff VORP'!B:B,0) -> 0 | E434: =C434+D434 -> -0.1 | F434: =IF(COUNTIF(Analysis!$C:$C,B434)>0,"Matched","NO MATCH") -> Matched
A435: Mac McClung | B435: =TRIM(SUBSTITUTE(SUBSTITUTE(SUBSTITUTE(SUBSTITUTE(SUBSTITUTE(SUBSTITUTE(SUBSTITUTE(SUBSTITUTE(SUBSTITUTE(SUBSTITUTE(SUBSTITUTE(SUBSTITUTE(SUBSTITUTE(SUBSTITUTE(SUBSTITUTE(SUBSTITUTE(SUBSTITUTE(SUBSTITUTE(SUBSTITUTE(A435,"ć","c"),"č","c"),"š","s"),"Š","S"),"ž","z"),"ñ","n"),"ü","u"),"í","i"),"é","e"),"ó","o"),"á","a"),"ņ","n"),"ģ","g"),"Ş","S"),"ş","s"),"ū","u"),"ë","e"),"ö","o"),"ä","a")) -> Mac McClung | C435: -0.1 | D435: =_xlfn.XLOOKUP(A435,'Playoff VORP'!A:A,'Playoff VORP'!B:B,0) -> 0 | E435: =C435+D435 -> -0.1 | F435: =IF(COUNTIF(Analysis!$C:$C,B435)>0,"Matched","NO MATCH") -> Matched
A436: Tyrese Proctor | B436: =TRIM(SUBSTITUTE(SUBSTITUTE(SUBSTITUTE(SUBSTITUTE(SUBSTITUTE(SUBSTITUTE(SUBSTITUTE(SUBSTITUTE(SUBSTITUTE(SUBSTITUTE(SUBSTITUTE(SUBSTITUTE(SUBSTITUTE(SUBSTITUTE(SUBSTITUTE(SUBSTITUTE(SUBSTITUTE(SUBSTITUTE(SUBSTITUTE(A436,"ć","c"),"č","c"),"š","s"),"Š","S"),"ž","z"),"ñ","n"),"ü","u"),"í","i"),"é","e"),"ó","o"),"á","a"),"ņ","n"),"ģ","g"),"Ş","S"),"ş","s"),"ū","u"),"ë","e"),"ö","o"),"ä","a")) -> Tyrese Proctor | C436: -0.1 | D436: =_xlfn.XLOOKUP(A436,'Playoff VORP'!A:A,'Playoff VORP'!B:B,0) -> 0 | E436: =C436+D436 -> -0.1 | F436: =IF(COUNTIF(Analysis!$C:$C,B436)>0,"Matched","NO MATCH") -> Matched
A437: Keaton Wallace | B437: =TRIM(SUBSTITUTE(SUBSTITUTE(SUBSTITUTE(SUBSTITUTE(SUBSTITUTE(SUBSTITUTE(SUBSTITUTE(SUBSTITUTE(SUBSTITUTE(SUBSTITUTE(SUBSTITUTE(SUBSTITUTE(SUBSTITUTE(SUBSTITUTE(SUBSTITUTE(SUBSTITUTE(SUBSTITUTE(SUBSTITUTE(SUBSTITUTE(A437,"ć","c"),"č","c"),"š","s"),"Š","S"),"ž","z"),"ñ","n"),"ü","u"),"í","i"),"é","e"),"ó","o"),"á","a"),"ņ","n"),"ģ","g"),"Ş","S"),"ş","s"),"ū","u"),"ë","e"),"ö","o"),"ä","a")) -> Keaton Wallace | C437: -0.1 | D437: =_xlfn.XLOOKUP(A437,'Playoff VORP'!A:A,'Playoff VORP'!B:B,0) -> 0 | E437: =C437+D437 -> -0.1 | F437: =IF(COUNTIF(Analysis!$C:$C,B437)>0,"Matched","NO MATCH") -> Matched
A438: Taylor Hendricks | B438: =TRIM(SUBSTITUTE(SUBSTITUTE(SUBSTITUTE(SUBSTITUTE(SUBSTITUTE(SUBSTITUTE(SUBSTITUTE(SUBSTITUTE(SUBSTITUTE(SUBSTITUTE(SUBSTITUTE(SUBSTITUTE(SUBSTITUTE(SUBSTITUTE(SUBSTITUTE(SUBSTITUTE(SUBSTITUTE(SUBSTITUTE(SUBSTITUTE(A438,"ć","c"),"č","c"),"š","s"),"Š","S"),"ž","z"),"ñ","n"),"ü","u"),"í","i"),"é","e"),"ó","o"),"á","a"),"ņ","n"),"ģ","g"),"Ş","S"),"ş","s"),"ū","u"),"ë","e"),"ö","o"),"ä","a")) -> Taylor Hendricks | C438: -0.1 | D438: =_xlfn.XLOOKUP(A438,'Playoff VORP'!A:A,'Playoff VORP'!B:B,0) -> 0 | E438: =C438+D438 -> -0.1 | F438: =IF(COUNTIF(Analysis!$C:$C,B438)>0,"Matched","NO MATCH") -> Matched
... A440: Jared McCain | B440: =TRIM(SUBSTITUTE(SUBSTITUTE(SUBSTITUTE(SUBSTITUTE(SUBSTITUTE(SUBSTITUTE(SUBSTITUTE(SUBSTITUTE(SUBSTITUTE(SUBSTITUTE(SUBSTITUTE(SUBSTITUTE(SUBSTITUTE(SUBSTITUTE(SUBSTITUTE(SUBSTITUTE(SUBSTITUTE(SUBSTITUTE(SUBSTITUTE(A440,"ć","c"),"č","c"),"š","s"),"Š","S"),"ž","z"),"ñ","n"),"ü","u"),"í","i"),"é","e"),"ó","o"),"á","a"),"ņ","n"),"ģ","g"),"Ş","S"),"ş","s"),"ū","u"),"ë","e"),"ö","o"),"ä","a")) -> Jared McCain | C440: -0.1 | D440: =_xlfn.XLOOKUP(A440,'Playoff VORP'!A:A,'Playoff VORP'!B:B,0) -> 0 | E440: =C440+D440 -> -0.1 | F440: =IF(COUNTIF(Analysis!$C:$C,B440)>0,"Matched","NO MATCH") -> Matched
A441: Cam Whitmore | B441: Cameron Whitmore | C441: -0.1 | D441: =_xlfn.XLOOKUP(A441,'Playoff VORP'!A:A,'Playoff VORP'!B:B,0) -> 0 | E441: =C441+D441 -> -0.1 | F441: =IF(COUNTIF(Analysis!$C:$C,B441)>0,"Matched","NO MATCH") -> Matched
A442: Rui Hachimura | B442: =TRIM(SUBSTITUTE(SUBSTITUTE(SUBSTITUTE(SUBSTITUTE(SUBSTITUTE(SUBSTITUTE(SUBSTITUTE(SUBSTITUTE(SUBSTITUTE(SUBSTITUTE(SUBSTITUTE(SUBSTITUTE(SUBSTITUTE(SUBSTITUTE(SUBSTITUTE(SUBSTITUTE(SUBSTITUTE(SUBSTITUTE(SUBSTITUTE(A442,"ć","c"),"č","c"),"š","s"),"Š","S"),"ž","z"),"ñ","n"),"ü","u"),"í","i"),"é","e"),"ó","o"),"á","a"),"ņ","n"),"ģ","g"),"Ş","S"),"ş","s"),"ū","u"),"ë","e"),"ö","o"),"ä","a")) -> Rui Hachimura | C442: -0.1 | D442: =_xlfn.XLOOKUP(A442,'Playoff VORP'!A:A,'Playoff VORP'!B:B,0) -> 0.5 | E442: =C442+D442 -> 0.4 | F442: =IF(COUNTIF(Analysis!$C:$C,B442)>0,"Matched","NO MATCH") -> Matched
A443: Tyler Smith | B443: =TRIM(SUBSTITUTE(SUBSTITUTE(SUBSTITUTE(SUBSTITUTE(SUBSTITUTE(SUBSTITUTE(SUBSTITUTE(SUBSTITUTE(SUBSTITUTE(SUBSTITUTE(SUBSTITUTE(SUBSTITUTE(SUBSTITUTE(SUBSTITUTE(SUBSTITUTE(SUBSTITUTE(SUBSTITUTE(SUBSTITUTE(SUBSTITUTE(A443,"ć","c"),"č","c"),"š","s"),"Š","S"),"ž","z"),"ñ","n"),"ü","u"),"í","i"),"é","e"),"ó","o"),"á","a"),"ņ","n"),"ģ","g"),"Ş","S"),"ş","s"),"ū","u"),"ë","e"),"ö","o"),"ä","a")) -> Tyler Smith | C443: -0.1 | D443: =_xlfn.XLOOKUP(A443,'Playoff VORP'!A:A,'Playoff VORP'!B:B,0) -> 0 | E443: =C443+D443 -> -0.1 | F443: =IF(COUNTIF(Analysis!$C:$C,B443)>0,"Matched","NO MATCH") -> Matched
A444: Josh Oduro | B444: =TRIM(SUBSTITUTE(SUBSTITUTE(SUBSTITUTE(SUBSTITUTE(SUBSTITUTE(SUBSTITUTE(SUBSTITUTE(SUBSTITUTE(SUBSTITUTE(SUBSTITUTE(SUBSTITUTE(SUBSTITUTE(SUBSTITUTE(SUBSTITUTE(SUBSTITUTE(SUBSTITUTE(SUBSTITUTE(SUBSTITUTE(SUBSTITUTE(A444,"ć","c"),"č","c"),"š","s"),"Š","S"),"ž","z"),"ñ","n"),"ü","u"),"í","i"),"é","e"),"ó","o"),"á","a"),"ņ","n"),"ģ","g"),"Ş","S"),"ş","s"),"ū","u"),"ë","e"),"ö","o"),"ä","a")) -> Josh Oduro | C444: -0.1 | D444: =_xlfn.XLOOKUP(A444,'Playoff VORP'!A:A,'Playoff VORP'!B:B,0) -> 0 | E444: =C444+D444 -> -0.1 | F444: =IF(COUNTIF(Analysis!$C:$C,B444)>0,"Matched","NO MATCH") -> Matched
A445: E.J. Liddell | B445: =TRIM(SUBSTITUTE(SUBSTITUTE(SUBSTITUTE(SUBSTITUTE(SUBSTITUTE(SUBSTITUTE(SUBSTITUTE(SUBSTITUTE(SUBSTITUTE(SUBSTITUTE(SUBSTITUTE(SUBSTITUTE(SUBSTITUTE(SUBSTITUTE(SUBSTITUTE(SUBSTITUTE(SUBSTITUTE(SUBSTITUTE(SUBSTITUTE(A445,"ć","c"),"č","c"),"š","s"),"Š","S"),"ž","z"),"ñ","n"),"ü","u"),"í","i"),"é","e"),"ó","o"),"á","a"),"ņ","n"),"ģ","g"),"Ş","S"),"ş","s"),"ū","u"),"ë","e"),"ö","o"),"ä","a")) -> E.J. Liddell | C445: -0.1 | D445: =_xlfn.XLOOKUP(A445,'Playoff VORP'!A:A,'Playoff VORP'!B:B,0) -> 0 | E445: =C445+D445 -> -0.1 | F445: =IF(COUNTIF(Analysis!$C:$C,B445)>0,"Matched","NO MATCH") -> Matched
A446: Bobi Klintman | B446: =TRIM(SUBSTITUTE(SUBSTITUTE(SUBSTITUTE(SUBSTITUTE(SUBSTITUTE(SUBSTITUTE(SUBSTITUTE(SUBSTITUTE(SUBSTITUTE(SUBSTITUTE(SUBSTITUTE(SUBSTITUTE(SUBSTITUTE(SUBSTITUTE(SUBSTITUTE(SUBSTITUTE(SUBSTITUTE(SUBSTITUTE(SUBSTITUTE(A446,"ć","c"),"č","c"),"š","s"),"Š","S"),"ž","z"),"ñ","n"),"ü","u"),"í","i"),"é","e"),"ó","o"),"á","a"),"ņ","n"),"ģ","g"),"Ş","S"),"ş","s"),"ū","u"),"ë","e"),"ö","o"),"ä","a")) -> Bobi Klintman | C446: -0.1 | D446: =_xlfn.XLOOKUP(A446,'Playoff VORP'!A:A,'Playoff VORP'!B:B,0) -> 0 | E446: =C446+D446 -> -0.1 | F446: =IF(COUNTIF(Analysis!$C:$C,B446)>0,"Matched","NO MATCH") -> Matched
A447: Marcus Smart | B447: =TRIM(SUBSTITUTE(SUBSTITUTE(SUBSTITUTE(SUBSTITUTE(SUBSTITUTE(SUBSTITUTE(SUBSTITUTE(SUBSTITUTE(SUBSTITUTE(SUBSTITUTE(SUBSTITUTE(SUBSTITUTE(SUBSTITUTE(SUBSTITUTE(SUBSTITUTE(SUBSTITUTE(SUBSTITUTE(SUBSTITUTE(SUBSTITUTE(A447,"ć","c"),"č","c"),"š","s"),"Š","S"),"ž","z"),"ñ","n"),"ü","u"),"í","i"),"é","e"),"ó","o"),"á","a"),"ņ","n"),"ģ","g"),"Ş","S"),"ş","s"),"ū","u"),"ë","e"),"ö","o"),"ä","a")) -> Marcus Smart | C447: -0.1 | D447: =_xlfn.XLOOKUP(A447,'Playoff VORP'!A:A,'Playoff VORP'!B:B,0) -> 0.3 | E447: =C447+D447 -> 0.2 | F447: =IF(COUNTIF(Analysis!$C:$C,B447)>0,"Matched","NO MATCH") -> Matched
A448: Lachlan Olbrich | B448: =TRIM(SUBSTITUTE(SUBSTITUTE(SUBSTITUTE(SUBSTITUTE(SUBSTITUTE(SUBSTITUTE(SUBSTITUTE(SUBSTITUTE(SUBSTITUTE(SUBSTITUTE(SUBSTITUTE(SUBSTITUTE(SUBSTITUTE(SUBSTITUTE(SUBSTITUTE(SUBSTITUTE(SUBSTITUTE(SUBSTITUTE(SUBSTITUTE(A448,"ć","c"),"č","c"),"š","s"),"Š","S"),"ž","z"),"ñ","n"),"ü","u"),"í","i"),"é","e"),"ó","o"),"á","a"),"ņ","n"),"ģ","g"),"Ş","S"),"ş","s"),"ū","u"),"ë","e"),"ö","o"),"ä","a")) -> Lachlan Olbrich | C448: -0.1 | D448: =_xlfn.XLOOKUP(A448,'Playoff VORP'!A:A,'Playoff VORP'!B:B,0) -> 0 | E448: =C448+D448 -> -0.1 | F448: =IF(COUNTIF(Analysis!$C:$C,B448)>0,"Matched","NO MATCH") -> Matched
A449: Chris Paul | B449: =TRIM(SUBSTITUTE(SUBSTITUTE(SUBSTITUTE(SUBSTITUTE(SUBSTITUTE(SUBSTITUTE(SUBSTITUTE(SUBSTITUTE(SUBSTITUTE(SUBSTITUTE(SUBSTITUTE(SUBSTITUTE(SUBSTITUTE(SUBSTITUTE(SUBSTITUTE(SUBSTITUTE(SUBSTITUTE(SUBSTITUTE(SUBSTITUTE(A449,"ć","c"),"č","c"),"š","s"),"Š","S"),"ž","z"),"ñ","n"),"ü","u"),"í","i"),"é","e"),"ó","o"),"á","a"),"ņ","n"),"ģ","g"),"Ş","S"),"ş","s"),"ū","u"),"ë","e"),"ö","o"),"ä","a")) -> Chris Paul | C449: -0.1 | D449: =_xlfn.XLOOKUP(A449,'Playoff VORP'!A:A,'Playoff VORP'!B:B,0) -> 0 | E449: =C449+D449 -> -0.1 | F449: =IF(COUNTIF(Analysis!$C:$C,B449)>0,"Matched","NO MATCH") -> Matched
A450: Drew Peterson | B450: =TRIM(SUBSTITUTE(SUBSTITUTE(SUBSTITUTE(SUBSTITUTE(SUBSTITUTE(SUBSTITUTE(SUBSTITUTE(SUBSTITUTE(SUBSTITUTE(SUBSTITUTE(SUBSTITUTE(SUBSTITUTE(SUBSTITUTE(SUBSTITUTE(SUBSTITUTE(SUBSTITUTE(SUBSTITUTE(SUBSTITUTE(SUBSTITUTE(A450,"ć","c"),"č","c"),"š","s"),"Š","S"),"ž","z"),"ñ","n"),"ü","u"),"í","i"),"é","e"),"ó","o"),"á","a"),"ņ","n"),"ģ","g"),"Ş","S"),"ş","s"),"ū","u"),"ë","e"),"ö","o"),"ä","a")) -> Drew Peterson | C450: -0.1 | D450: =_xlfn.XLOOKUP(A450,'Playoff VORP'!A:A,'Playoff VORP'!B:B,0) -> 0 | E450: =C450+D450 -> -0.1 | F450: =IF(COUNTIF(Analysis!$C:$C,B450)>0,"Matched","NO MATCH") -> Matched
A451: Moussa Cisse | B451: =TRIM(SUBSTITUTE(SUBSTITUTE(SUBSTITUTE(SUBSTITUTE(SUBSTITUTE(SUBSTITUTE(SUBSTITUTE(SUBSTITUTE(SUBSTITUTE(SUBSTITUTE(SUBSTITUTE(SUBSTITUTE(SUBSTITUTE(SUBSTITUTE(SUBSTITUTE(SUBSTITUTE(SUBSTITUTE(SUBSTITUTE(SUBSTITUTE(A451,"ć","c"),"č","c"),"š","s"),"Š","S"),"ž","z"),"ñ","n"),"ü","u"),"í","i"),"é","e"),"ó","o"),"á","a"),"ņ","n"),"ģ","g"),"Ş","S"),"ş","s"),"ū","u"),"ë","e"),"ö","o"),"ä","a")) -> Moussa Cisse | C451: -0.1 | D451: =_xlfn.XLOOKUP(A451,'Playoff VORP'!A:A,'Playoff VORP'!B:B,0) -> 0 | E451: =C451+D451 -> -0.1 | F451: =IF(COUNTIF(Analysis!$C:$C,B451)>0,"Matched","NO MATCH") -> Matched
A452: Markelle Fultz | B452: =TRIM(SUBSTITUTE(SUBSTITUTE(SUBSTITUTE(SUBSTITUTE(SUBSTITUTE(SUBSTITUTE(SUBSTITUTE(SUBSTITUTE(SUBSTITUTE(SUBSTITUTE(SUBSTITUTE(SUBSTITUTE(SUBSTITUTE(SUBSTITUTE(SUBSTITUTE(SUBSTITUTE(SUBSTITUTE(SUBSTITUTE(SUBSTITUTE(A452,"ć","c"),"č","c"),"š","s"),"Š","S"),"ž","z"),"ñ","n"),"ü","u"),"í","i"),"é","e"),"ó","o"),"á","a"),"ņ","n"),"ģ","g"),"Ş","S"),"ş","s"),"ū","u"),"ë","e"),"ö","o"),"ä","a")) -> Markelle Fultz | C452: -0.1 | D452: =_xlfn.XLOOKUP(A452,'Playoff VORP'!A:A,'Playoff VORP'!B:B,0) -> 0 | E452: =C452+D452 -> -0.1 | F452: =IF(COUNTIF(Analysis!$C:$C,B452)>0,"Matched","NO MATCH") -> Matched
A453: Kentavious Caldwell-Pope | B453: =TRIM(SUBSTITUTE(SUBSTITUTE(SUBSTITUTE(SUBSTITUTE(SUBSTITUTE(SUBSTITUTE(SUBSTITUTE(SUBSTITUTE(SUBSTITUTE(SUBSTITUTE(SUBSTITUTE(SUBSTITUTE(SUBSTITUTE(SUBSTITUTE(SUBSTITUTE(SUBSTITUTE(SUBSTITUTE(SUBSTITUTE(SUBSTITUTE(A453,"ć","c"),"č","c"),"š","s"),"Š","S"),"ž","z"),"ñ","n"),"ü","u"),"í","i"),"é","e"),"ó","o"),"á","a"),"ņ","n"),"ģ","g"),"Ş","S"),"ş","s"),"ū","u"),"ë","e"),"ö","o"),"ä","a")) -> Kentavious Caldwell-Pope | C453: -0.1 | D453: =_xlfn.XLOOKUP(A453,'Playoff VORP'!A:A,'Playoff VORP'!B:B,0) -> 0 | E453: =C453+D453 -> -0.1 | F453: =IF(COUNTIF(Analysis!$C:$C,B453)>0,"Matched","NO MATCH") -> Matched
... A583: Christian Koloko | B583: =TRIM(SUBSTITUTE(SUBSTITUTE(SUBSTITUTE(SUBSTITUTE(SUBSTITUTE(SUBSTITUTE(SUBSTITUTE(SUBSTITUTE(SUBSTITUTE(SUBSTITUTE(SUBSTITUTE(SUBSTITUTE(SUBSTITUTE(SUBSTITUTE(SUBSTITUTE(SUBSTITUTE(SUBSTITUTE(SUBSTITUTE(SUBSTITUTE(A583,"ć","c"),"č","c"),"š","s"),"Š","S"),"ž","z"),"ñ","n"),"ü","u"),"í","i"),"é","e"),"ó","o"),"á","a"),"ņ","n"),"ģ","g"),"Ş","S"),"ş","s"),"ū","u"),"ë","e"),"ö","o"),"ä","a")) -> Christian Koloko | C583: -0.2 | D583: =_xlfn.XLOOKUP(A583,'Playoff VORP'!A:A,'Playoff VORP'!B:B,0) -> 0 | E583: =C583+D583 -> -0.2 | F583: =IF(COUNTIF(Analysis!$C:$C,B583)>0,"Matched","NO MATCH") -> Matched

Sheet Playoff VORP
A1: Player | B1: Playoff_VORP
A2: Victor Wembanyama | B2: 2
A3: OG Anunoby | B3: 1.7
A4: Karl-Anthony Towns | B4: 1.7
A5: Evan Mobley | B5: 1.2
A6: Julian Champagnie | B6: 1.2
A7: Jalen Brunson | B7: 1.2
A8: Shai Gilgeous-Alexander | B8: 1.2
A9: Devin Vassell | B9: 1.1
A10: Cason Wallace | B10: 0.9
A11: Dylan Harper | B11: 0.9
A12: Ausar Thompson | B12: 0.8
A13: Cade Cunningham | B13: 0.8
... A231: Justin Edwards | B231: -0.2
A232: League Average
